code,flightnum,depicao,arricao,route,aircraft,flightlevel,distance,deptime,arrtime,flighttime,notes,price,flighttype,daysofweek,enabled," week1"," week2"," week3"," week4"
VTI,0000,KAUS,MMMX," CRP J25 MAM UJ35 AVSAR",VT-T32,27000,651.139,Time," Time"," 0"," NONE"," 100"," P"," 0123456"," 1"," 0123456"," 0123456"," 0123456"," 0123456"
VTI,0023,CYYZ,EGKK,"VERDO5 EPSAT Q921 AGLUK BAREE N561A NEEKO 5450N 5540N 5530N 5520N RESNO NETKI DCT LUTOV DCT MAC UN57 DCS UN864 SUBUK KEPAD UL151 KIDLI",VT-T77,34000,3102.17,Time," Time"," 0"," NONE"," 100"," P"," 0123456"," 1"," 0123456"," 0123456"," 0123456"," 0123456"
VTI,0049,VIDP,OPRN,"BUTOP A589 ASARI A466 SAMAR L509 INDEK",VT-T77,38000,366.822,Time," Time"," 0"," NONE"," 100"," P"," 0123456"," 1"," 0123456"," 0123456"," 0123456"," 0123456"
VTI,0067,GCLA,LPMA,BIMB5U.BIMBO..SNT.SNT4A,VT-T38,25000,1794.16,0925," 1030"," 105"," NONE"," 100"," P"," 0123456"," 1"," 0123456"," 0123456"," 0123456"," 0123456"
VTI,0067,LIRF,LUKK,"SOUTH2 RATIR DCT OKUNO L5 VAPUP UL5 SPL DCT MAVIT N978 TOMET T802 BUSES BUSE6E",VT-B58,35000,778.112,1519," 1734"," 215"," NONE"," 100"," P"," 0123456"," 1"," 0123456"," 0123456"," 0123456"," 0123456"
VTI,0067,VOBL,VIDP,"LATID5 LATID Q22 VIRAM W57 RIMAV Q22 HIA W20 BPL Q24 BAVOX SAPL6A",VT-B58,29000,924.387,0710," 0945"," 255"," NONE"," 100"," P"," 0123456"," 1"," 0123456"," 0123456"," 0123456"," 0123456"
VTI,0067,VTBS,VTCC,"SEMB1K SEMBO A464 TOPAS ALAY1A",VT-T19,25000,322.558,0930," 1045"," 115"," NONE"," 100"," P"," 0123456"," 1"," 0123456"," 0123456"," 0123456"," 0123456"
VTI,008,UUDD,WIII,"RELTO B923 OGAPO T573 PENIR T531 GUTAN A368 URL A108 LOGTO B824 ODIVA A66 TMD A466 AMDAR M875 SITAX A466 JHANG M875 KAKID M770 OBMOG L515 PUT B579 VPL W531 VIH R325 VJB G579 SJ B469 BIDAK ",VT-T77,35000,5006,1100," 1000"," 1100"," "," 100"," P"," 0123456"," 1"," 0123456"," 0123456"," 0123456"," 0123456"
VTI,010,MYNN,PANC,"SYDNY BR65V ZFP BR62V TRV J79 OMN J45 CRG DCT MCN J45 BNA DCT ENL DCT IOW DCT MCW J90 RWF DCT MOT J483 VLN J475 YWV NCA11 REMBY",VT-T77,30000,3598,0100," 1000"," 900"," "," 100"," P"," 0123456"," 0"," 0123456"," 0123456"," 0123456"," 0123456"
VTI,010,YSSY,SCEL,"KADOM A576 TESAT Y84 TONIM P766 ADKOS P753 QN H434 SW  46S171E 50S180W 54S170W 56S160W 58S150W 58S140W 57S131W 57S130W 56S120W 54S110W 50S100W 46S090W 39S080W DGO",VT-B77,31000,6130,1100," 1200"," 1300"," "," 100"," P"," 0123456"," 0"," 0123456"," 0123456"," 0123456"," 0123456"
VTI,0287,VEIM,VECC,,VT-T36,22000,325,Time," Time"," 0"," "," 100"," P"," 0123456"," 0"," 0123456"," 0123456"," 0123456"," 0123456"
VTI,0287,VEGT,VEIM,,VT-T36,21000,149,Time," Time"," 0"," "," 100"," P"," 0123456"," 0"," 0123456"," 0123456"," 0123456"," 0123456"
VTI,0287,VEGT,VQPR,,VT-T36,24000,139,Time," Time"," 0"," "," 100"," P"," 0123456"," 0"," 0123456"," 0123456"," 0123456"," 0123456"
VTI,0321,CYWG,CYYZ,"DCT RORMA SIDPO DEGVA FELTN OTNIK BOXUM4 OTNIK.BOXUM4",VT-T47,35000,813,Time," Time"," 0"," "," 100"," C"," 0123456"," 0"," 0123456"," 0123456"," 0123456"," 0123456"
VTI,0327,CYYZ,KMDW,DUSOM2.DUSOM..AVSOX..HAVOK..RRONS..DUNKS..LFD.GSH7,VT-T37,30000,376,1304," 1429"," 125"," "," 100"," P"," 0123456"," 1"," 0123456"," 0123456"," 0123456"," 0123456"
VTI,0327,LILN,LIDT,"LILN CALDO NIKMO DILEB ATPED UNTAD LIDT",VT-B58,17000,95,Time," Time"," 0"," "," 100"," P"," 0123456"," 1"," 0123456"," 0123456"," 0123456"," 0123456"
VTI,0327,RJTT,RJGG,JYOGA2.JYOGA..NUMAR..WASBI..TRIKE.SOARCV,VT-B58,25000,151,Time," Time"," 0"," "," 100"," P"," 0123456"," 1"," 0123456"," 0123456"," 0123456"," 0123456"
VTI,0327,WSSS,VTSB,"AROSO Y339 GEMAS B466 SUKAT A457 HTY DCT PEDOR DCT PUYOL DCT JAPPO",VT-T37,36000,550,Time," Time"," 0"," "," 100"," P"," 0123456"," 1"," 0123456"," 0123456"," 0123456"," 0123456"
VTI,0327,WAAA,WALL,MK30L..GAMAL..DAPTE..ROYAN..TAPKI..BUNYU..DAYAK,VT-B58,25000,278,Time," Time"," 0"," "," 100"," P"," 0123456"," 1"," 0123456"," 0123456"," 0123456"," 0123456"
VTI,041,VOPB,VOMM," DCT BASOP P761 IDASO V3 AVGIR ",VT-TTF,320,741.959,1510," 1720"," 210"," NONE"," 100"," P"," 0123456"," 1"," 0123456"," 0123456"," 0123456"," 0123456"
VTI,1,VIDP,KSFO,AKAMR,VT-T77,29000,6692.62,Time," Time"," 16"," NONE"," 100"," P"," 0123456"," 1"," 0123456"," 0123456"," 0123456"," 0123456"
VTI,10002,VOHS,VABB,,VT-T18,,336.686,1025," 1230"," 0"," NONE"," 1"," P"," 0123456"," 1"," 0123456"," 0123456"," 0123456"," 0123456"
VTI,10005,VIDP,OMDB,,VT-TNC,,1180.37,12:00," 13:00"," 0"," NONE"," 1"," P"," 0123456"," 1"," 0123456"," 0123456"," 0123456"," 0123456"
VTI,1001,VRMM,VABB,"KAGUM R329 POMAN P570 OTABI A474 ERVIS",VT-T38,34000,896.258,Time," Time"," 0"," NONE"," 100"," P"," 0123456"," 1"," 0123456"," 0123456"," 0123456"," 0123456"
VTI,101,VABB,VOGO,"MABTA W15 UDULO",VT-TNB,34000,229.632,1400Z," 1500Z"," 1"," NONE"," 100","  "," 123456"," 1"," 1234560"," 1234560"," 1234560"," 1234560"
VTI,102,VABB,VOGO,"MABTA W15 UDULO",VT-TTM,25000,229.632,1400Z," 1500Z"," 2"," NONE"," 100","  "," 123456"," 1"," 1234560"," 1234560"," 1234560"," 1234560"
VTI,103,VABB,VOGO,"MABTA W15 UDULO",VTTTB,35000,229.632,1400Z," 1500Z"," 3"," NONE"," 100","  "," 123456"," 1"," 1234560"," 1234560"," 1234560"," 1234560"
VTI,104,VABB,VOGO,"MABTA W15 UDULO",VT-TNB,29000,229.632,1400Z," 1500Z"," 4"," NONE"," 100","  "," 123456"," 1"," 1234560"," 1234560"," 1234560"," 1234560"
VTI,105,VABB,VOGO,"MABTA W15 UDULO",VT-TTM,25000,229.632,1400Z," 1500Z"," 5"," NONE"," 100","  "," 123456"," 1"," 1234560"," 1234560"," 1234560"," 1234560"
VTI,105,VOBL,VABB,,VT-TTB,36000,450,Time," Time"," 0"," "," 100"," P"," 0123456"," 1"," 0123456"," 0123456"," 0123456"," 0123456"
VTI,106,VABB,VOGO,"MABTA W15 UDULO",VTTTB,320,229.632,1400Z," 1500Z"," 6"," NONE"," 100","  "," 123456"," 1"," 1234560"," 1234560"," 1234560"," 1234560"
VTI,107,VABB,VOGO,"MABTA W15 UDULO",VT-TNB,29000,229.632,1400Z," 1500Z"," 7"," NONE"," 100","  "," 123456"," 1"," 1234560"," 1234560"," 1234560"," 1234560"
VTI,108,VABB,VOGO,"MABTA W15 UDULO",VT-TTM,,229.632,1400Z," 1500Z"," 8"," NONE"," 100","  "," 123456"," 1"," 1234560"," 1234560"," 1234560"," 1234560"
VTI,109,VABB,VOGO,"MABTA W15 UDULO",VTTTB,,229.632,1400Z," 1500Z"," 9"," NONE"," 100","  "," 123456"," 1"," 1234567"," 1234567"," 1234567"," 1234567"
VTI,10912,VNKT,VQPR,"IGRI1A KIMTI B345 TUMLI G348 SUBSU TAKTI PRO",VT-TTF,28000,217.365,Time," Time"," 1"," NONE"," 100"," P"," 0123456"," 1"," 0123456"," 0123456"," 0123456"," 0123456"
VTI,110,VABB,VOGO,"MABTA W15 UDULO",VT-TNB,34000,229.632,1400Z," 1500Z"," 10"," NONE"," 100","  "," 123456"," 1"," 1234560"," 1234560"," 1234560"," 1234560"
VTI,111,VOMM,VOMD,,VT-B58,,225.677,1030," 1230"," 1.05"," NONE"," 100"," P"," 0123456"," 1"," 0123456"," 0123456"," 0123456"," 0123456"
VTI,112,VOHS,VOVZ,,VT-TNB,31000,276,17:45," 18:55"," 1.1"," "," 100"," P"," 0123456"," 1"," 0123456"," 0123456"," 0123456"," 0123456"
VTI,1189,OMDB,EHAM,"NADI3F NADIL M557 TUMAK UL602 RALKA G795 TASMI UL602 ITBIT UM860 KUGOS L851 DEGET DCT BEGLA DCT DITIS M174 NEPUX T170 SOPGA L602 VARIK UL602 SODRO UZ606 NORKU NORK2A",VT-T19,36000,2793.97,Time," Time"," 0"," NONE"," 100"," P"," 0123456"," 1"," 0123456"," 0123456"," 0123456"," 0123456"
VTI,12,VHHX,VTBD,,VT-T19,20000,925.559,Time," Time"," 0"," NONE"," 100"," P"," 0123456"," 1"," 0123456"," 0123456"," 0123456"," 0123456"
VTI,121,EGCC,LOWI,,VT-T37,410,636.672,0720," 1000"," 145"," NONE"," 100"," P"," 0123456"," 1"," 0123456"," 0123456"," 0123456"," 0123456"
VTI,121,LPPT,GCTS,,VTV78,41000,1435,Time," Time"," 0"," "," 100"," P"," 0123456"," 0"," 0123456"," 0123456"," 0123456"," 0123456"
VTI,1215,VABB,OPKC,,VTTTB,36000,472.559,15:00," 17:00"," 2"," NONE"," 100"," P"," 0123456"," 1"," 0123456"," 0123456"," 0123456"," 0123456"
VTI,123,VECC,VQPR,"N0447F370 AGOD2C AGODA R598 PRO DCT",VTTTB,350,290.344,0120," Time"," 50"," NONE"," 100"," P"," 0123456"," 1"," 0123456"," 0123456"," 0123456"," 0123456"
VTI,123,VIDP,EDDG,"xxx xxxx ",VT-TTC,14000,3333,Time," Time"," 0"," "," 100"," P"," 0123456"," 1"," 0123456"," 0123456"," 0123456"," 0123456"
VTI,1234,EGKK,EGAA,,VT-T19,35000,303,Time," Time"," 0"," "," 100"," P"," 0123456"," 1"," 0123456"," 0123456"," 0123456"," 0123456"
VTI,1234,VOBL,VOMM,,VT-TTE,250,144,Time," Time"," 0"," "," 100"," P"," 0123456"," 0"," 0123456"," 0123456"," 0123456"," 0123456"
VTI,1234,VOBL,VOMM,,VT-TTC,25000,144,Time," Time"," 0"," "," 100"," P"," 0123456"," 1"," 0123456"," 0123456"," 0123456"," 0123456"
VTI,1256,VECC,VIDP,,VT-T38,35000,709.585,Time," Time"," 0"," NONE"," 100"," P"," 0123456"," 1"," 0123456"," 0123456"," 0123456"," 0123456"
VTI,126,VOBL,OPKC,"VAGPU Q8 AGELA W56N BBB M638 EXOLU N519 MINAR","VT- BTM",ANY,923.292,," "," 300"," NONE"," 0"," H"," 0123456"," 1"," 0123456"," 0123456"," 0123456"," 0123456"
VTI,127,VOBL,OPKC,"VAGPU Q8 AGELA W56N BBB M638 EXOLU N519 MINAR","VT- BTM",ANY,923.292,," "," 300"," NONE"," 0"," H"," 0123456"," 1"," 0123456"," 0123456"," 0123456"," 0123456"
VTI,128,VOBL,OPKC,"VAGPU Q8 AGELA W56N BBB M638 EXOLU N519 MINAR","VT- BTM",ANY,923.292,," "," 300"," NONE"," 0"," H"," 0123456"," 1"," 0123456"," 0123456"," 0123456"," 0123456"
VTI,129,VIDP,VABB,"REBON Q2 SG",VT-T32,36000,615.284,Time," Time"," 0"," NONE"," 100"," P"," 0123456"," 1"," 0123456"," 0123456"," 0123456"," 0123456"
VTI,130,VOBL,OPKC,"VAGPU Q8 AGELA W56N BBB M638 EXOLU N519 MINAR","VT- BTM",ANY,923.292,," "," 300"," NONE"," 0"," H"," 0123456"," 1"," 0123456"," 0123456"," 0123456"," 0123456"
VTI,131,VOBL,OPKC,"VAGPU Q8 AGELA W56N BBB M638 EXOLU N519 MINAR","VT- BTM",ANY,923.292,," "," 300"," NONE"," 0"," H"," 0123456"," 1"," 0123456"," 0123456"," 0123456"," 0123456"
VTI,132,VOBL,OPKC,"VAGPU Q8 AGELA W56N BBB M638 EXOLU N519 MINAR",VTTTB,ANY,923.292,," "," 300"," NONE"," 0"," H"," 0123456"," 1"," 0123456"," 0123456"," 0123456"," 0123456"
VTI,1321,VOCB,VOMM,"RESMA KKP",VT-TTD,25000,218,Time," Time"," 0"," "," 100"," P"," 0123456"," 0"," 0123456"," 0123456"," 0123456"," 0123456"
VTI,133,VOBL,OPKC,"VAGPU Q8 AGELA W56N BBB M638 EXOLU N519 MINAR",VT-TTM,ANY,923.292,," "," 300"," NONE"," 0"," H"," 0123456"," 1"," 0123456"," 0123456"," 0123456"," 0123456"
VTI,134,VOBL,OPKC,"VAGPU Q8 AGELA W56N BBB M638 EXOLU N519 MINAR",VT-T38,ANY,923.292,," "," 300"," NONE"," 0"," H"," 0123456"," 1"," 0123456"," 0123456"," 0123456"," 0123456"
VTI,135,VOBL,OPKC,"VAGPU Q8 AGELA W56N BBB M638 EXOLU N519 MINAR",VT-T79,ANY,923.292,," "," 300"," NONE"," 0"," H"," 0123456"," 1"," 0123456"," 0123456"," 0123456"," 0123456"
VTI,135,VAPO,VAAH,"APANO APAN1A",VT-TTN,26000,279,1240," 1350"," 110"," "," 100"," P"," 0123456"," 0"," 0123456"," 0123456"," 0123456"," 0123456"
VTI,136,VOBL,OPKC,"VAGPU Q8 AGELA W56N BBB M638 EXOLU N519 MINAR",VT-T77,ANY,923.292,," "," 300"," NONE"," 0"," H"," 0123456"," 1"," 0123456"," 0123456"," 0123456"," 0123456"
VTI,1432,LEIB,LPMA," BAVER UM603 ALT UN851 MGA UM744 SVL UN747 MINTA DCT NARTA DCT LIDRO",VT-TTJ,360,957.385,0900," 1255"," 355"," NONE"," 100"," P"," 0123456"," 1"," 0123456"," 0123456"," 0123456"," 0123456"
VTI,145,VABB,VOHS,"PPN W28 GGB",VT-T19,39000,336,Time," Time"," 0"," "," 100"," P"," 0123456"," 1"," 0123456"," 0123456"," 0123456"," 0123456"
VTI,1451,EPKT,EPLB,,"VT- BTM",9000,3187.24,1600," 1710"," 0"," NONE"," 129"," P"," 0123456"," 1"," 0123456"," 0123456"," 0123456"," 0123456"
VTI,149,BGSF,CYYT," AMINI UW24 NUTKA  6155N  6055N  5955N  5755N  5455N  TUDEP  MUSAK   ",VT-T19,36000,0,1215," 1515"," 300"," "," 100"," P"," 0123456"," 1"," 0123456"," 0123456"," 0123456"," 0123456"
VTI,149,LHBP,EHAM,"TORNO DCT BEGLA DCT DITIS M174 OKG DCT ROBEL UL602 RKN",VT-TNB,36000,631.61,1330," 1500"," 130"," "," 100"," P"," 0123456"," 1"," 0123456"," 0123456"," 0123456"," 0123456"
VTI,149,EDRB,ELLX,dct,VT-T19,2500,23.5615,1930," 1950"," 20"," NONE"," 100"," P"," 0123456"," 1"," 0123456"," 0123456"," 0123456"," 0123456"
VTI,149,HSSS,FZNA,"SODAB B527 SUVRI UQ622 SISOR UL554 JUB UY755 SAGBU UA618 EDGOX UB12 XIBKI",VT-T37,32000,1760,0730," 1030"," 300"," "," 100"," P"," 0123456"," 1"," 0123456"," 0123456"," 0123456"," 0123456"
VTI,149,OJAI,HSSS,"LOSIL M319 SESMO UM690 NWB R650 ASRAB UL604 LXR A727 NUBAR UP309 KUVTI",VT-T37,32000,2795,1300," 1530"," 230"," "," 100"," P"," 0123456"," 1"," 0123456"," 0123456"," 0123456"," 0123456"
VTI,149,KLAS,KSEA," OAL J92 FMG J5 LKV  ",VT-T37,36000,754,Time," Time"," 215"," "," 100"," P"," 0123456"," 1"," 0123456"," 0123456"," 0123456"," 0123456"
VTI,149,LICJ,LGAV,"PAL LEBNU RCA ROXOM RUTOM UN604 RILIN",VT-T19,35000,513.596,2230," 2340"," 110"," NONE"," 100"," P"," 0123456"," 1"," 0123456"," 0123456"," 0123456"," 0123456"
VTI,149,SKBQ,MSLP,"VARON A552 ALPON UA552 SPP UR505 MGA UA317 TUKOR",VT-T19,36000,852,1815," 2015"," 200"," "," 100"," P"," 0123456"," 0"," 0123456"," 0123456"," 0123456"," 0123456"
VTI,149,UTAA,OKBK,"RIKOP W140 BRD W4 DNZ Z2 TRN G667 RUS UP574 SOGOL B411 SAV N72 EGVEL B417 UKITA N72 IMKEN B417 MAH N72 UKNAR B417 DESLU",VT-T37,32000,739,1645," 1845"," 200"," "," 100"," P"," 0123456"," 1"," 0123456"," 0123456"," 0123456"," 0123456"
VTI,149,SCGE,SCLN,DCT,VT-T19,4500,101.769,1500," 1600"," 100"," NONE"," 100"," P"," 0123456"," 1"," 0123456"," 0123456"," 0123456"," 0123456"
VTI,149,SASO,SCPE,DCT,VT-B58,5500,212,1400," 1500"," 100"," "," 100"," P"," 0123456"," 0"," 0123456"," 0123456"," 0123456"," 0123456"
VTI,149,SKBU,SETU,"FARALLONES SUAREZ CERRO NAPI HIGHWAY17 HIGHWAY182",VT-T19,4500,186,1015," 1130"," 115"," "," 100"," P"," 0123456"," 0"," 0123456"," 0123456"," 0123456"," 0123456"
VTI,149,SKCM,SKBU,"HIGHWAY56 HIGHWAY25 NEVADODELROUIZ CERO CALIMMA",VT-B58,4000,237,1345," 1445"," 100"," "," 100"," P"," 0123456"," 1"," 0123456"," 0123456"," 0123456"," 0123456"
VTI,149,SLSM,SLCP," TRI SUDAN  ",VT-C82,5500,245,2200," 2300"," 100"," "," 100"," P"," 0123456"," 1"," 0123456"," 0123456"," 0123456"," 0123456"
VTI,149,SPMS,SPEO," TAP BTE  ",VT-B58,4000,242,0600," 0730"," 130"," "," 100"," P"," 0123456"," 1"," 0123456"," 0123456"," 0123456"," 0123456"
VTI,149,SPJC,SPHY,"LIMA2 JCL V11 AND  ",VT-C82,5500,4438,1115," 1315"," 200"," "," 100"," P"," 0123456"," 1"," 0123456"," 0123456"," 0123456"," 0123456"
VTI,149,SEMA,SPMS,"HIGHWAY 1N HIGHWAY48 HIGHWAY5N RIOJA BALSA PUERTO",VT-B58,4500,246,1330," 1500"," 130"," "," 100"," P"," 0123456"," 1"," 0123456"," 0123456"," 0123456"," 0123456"
VTI,149,SBCG,SUMU," GRD UM544 RETER SOSMO SIROX POS ARULA ARTOX UL324 DAYMA UP526 DUR UP526 CRR  ",VT-T19,36000,866,1920," 2120"," 200"," "," 100"," P"," 0123456"," 0"," 0123456"," 0123456"," 0123456"," 0123456"
VTI,149,VABV,VASU,coastline,VT-B58,3000,49,1245," 1315"," 30"," "," 100"," P"," 0123456"," 1"," 0123456"," 0123456"," 0123456"," 0123456"
VTI,149,VEPT,VERC," PPT W106 RRC  ",VT-B58,11000,137,1000," 1100"," 100"," "," 100"," P"," 0123456"," 1"," 0123456"," 0123456"," 0123456"," 0123456"
VTI,149,VRMM,VIDP,"MUGBA R457 TVM W43 BIA W57 HIA J3 BPL Q24 BAVOX",VT-T37,35000,1479.26,1500," 1820"," 320"," NONE"," 100"," P"," 0123456"," 1"," 0123456"," 0123456"," 0123456"," 0123456"
VTI,149,VISR,VILH,DCT,VT-T37,21000,138.333,1745," 1815"," 30"," NONE"," 100"," P"," 0123456"," 1"," 0123456"," 0123456"," 0123456"," 0123456"
VTI,149,OAKB,VNKT,"LAJAK G796 HANGU L509 INDEK J121 LA ASARI W31E ELKUX W30E DPN R460 ALI R460 LKN G598 SMR ",VT-T37,37000,926.126,1230," 1515"," 245"," NONE"," 100"," P"," 0123456"," 1"," 0123456"," 0123456"," 0123456"," 0123456"
VTI,149,VOHY,VOHS,hhy,VT-T19,4500,13.5062,0825," 0855"," 30"," "," 100"," C"," 0123456"," 1"," 0123456"," 0123456"," 0123456"," 0123456"
VTI,149,VNKT,VQPR,"IGRIS1B KIMTI B345 TUMLI G348 BBD G348 PRO  ",VT-T19,27000,217.365,1400," 1445"," 45"," NONE"," 100"," P"," 0123456"," 1"," 0123456"," 0123456"," 0123456"," 0123456"
VTI,149,VLVT,VYMD,"CTR HHO MDY MIA",VT-T19,32000,434.007,1720," 1830"," 110"," NONE"," 100"," P"," 0123456"," 1"," 0123456"," 0123456"," 0123456"," 0123456"
VTI,149,PGUM,WAJJ,"UNZ HOOVR KEONE R204 KALIN JPA",VT-T19,36000,998,1935," 2145"," 210"," "," 100"," P"," 0123456"," 0"," 0123456"," 0123456"," 0123456"," 0123456"
VTI,149,PGUM,WAJJ," UNZ HOOVR KEONE R204 KALIN JPA  ",VT-T19,36000,998,1930," 2200"," 230"," "," 100"," P"," 0123456"," 0"," 0123456"," 0123456"," 0123456"," 0123456"
VTI,155,VOTV,VOMM,"MDI/N0471F360 W25 TTR V005 TAPAS",VT-TNB,290,331.989,Time," Time"," 0"," NONE"," 100"," P"," 0123456"," 1"," 0123456"," 0123456"," 0123456"," 0123456"
VTI,1612,SPQT,SKBQ,"IQT UN420 PLG UG430 OTU UL305 MGN W46 VOVLU",VT-TNB,34000,886,14:45," 17:15"," 2"," "," 100"," P"," 0123456"," 1"," 0123456"," 0123456"," 0123456"," 0123456"
VTI,167,VABB,VOHS,,"VT- BTM",,336.686,18:30," 19:30"," 0"," NONE"," 167"," P"," 0123456"," 1"," 0123456"," 0123456"," 0123456"," 0123456"
VTI,173,VIDP,KSFO,"MAXOT BUTOP A589 ASARI A466 SAMAR L509 JABAR J143 PS P500 FIRUZ G500 POMIR B496 OU B357 GASTA G661 BALGO A367 BLH B955 BAROV R484 DIMID R27 NESPA B954 GIKSI G7 LURET R351 BEKMI G912 LISKI DCT OTZ J117 GAL J133 TED J804R MDO B453 BOXER DCT AMAKR STLER2",VT-TNB,33000,6692.62,Time," Time"," 0"," NONE"," 100"," P"," 0123456"," 1"," 0123456"," 0123456"," 0123456"," 0123456"
VTI,173,VIDP,KSFO,"ALIJA ALI R460 LKN A201 LSO A599 SGM A581 WHA R343 PK W116 JTN G327 LAMEN A593 ONIKU Y60 FUE Y23 KASTE Y81 SYOYU Y809 KAGIS OTR11 AVBET OTR9 EMRON 41N160E 44N170E 45N180E 45N170W 45N160W 45N150W 45N140W 43N130W LINUZ AMAKR",VT-B77,29000,6692.62,Time," Time"," 0"," NONE"," 100"," P"," 0123456"," 1"," 0123456"," 0123456"," 0123456"," 0123456"
VTI,1800,EDDM,EHAM," INPUD Y102 TENLO DCT TESDU Y102 ALIBU UL604 RELBI UL602 RKN",VT-T38,30000,359,1430," 1600"," 135"," "," 100"," P"," 0123456"," 1"," 0123456"," 0123456"," 0123456"," 0123456"
VTI,220,EHAM,EDDL,"ARNEM T196 TEBRO",VT-B58,250,96.4057,2000," 2050"," 50"," NONE"," 100"," P"," 0123456"," 1"," 0123456"," 0123456"," 0123456"," 0123456"
VTI,222,VOGO,VABB,"mesga okila",VT-T19,22000,229.632,Time," Time"," 0"," NONE"," 100"," P"," 0123456"," 1"," 0123456"," 0123456"," 0123456"," 0123456"
VTI,222,VERP,VOMM,"EKADI W136 UXENA N877 VVZ A465 DOKET HYDOK",VT-T37,40000,2562,Time," Time"," 1.3"," "," 100"," P"," 0123456"," 1"," 0123456"," 0123456"," 0123456"," 0123456"
VTI,2226,VABB,VOBL,"OPAMO W56N AGELA MOLGO",VTV78,36000,450.917,1025," 1230"," 0"," NONE"," 1"," P"," 0123456"," 1"," 0123456"," 0123456"," 0123456"," 0123456"
VTI,225,VEAT,VECC,,VT-B58,22000,171.117,Time," Time"," 1"," NONE"," 100"," P"," 0123456"," 1"," 0123456"," 0123456"," 0123456"," 0123456"
VTI,225,VEIM,VEAT,"KKU2 KKU W55 MEPAR W84 AAT",VT-TTC,26000,154.661,Time," Time"," 100"," NONE"," 100"," P"," 0123456"," 1"," 0123456"," 0123456"," 0123456"," 0123456"
VTI,225,VRMM,VEMN,"M4C MUGBA R457 MMV A465 CEA B593 AAT W54 MEPAR W55 KKU J8 DMR J10 JHT W51 DRG",VTTTB,39000,1864.42,Time," Time"," 0"," NONE"," 100"," P"," 0123456"," 1"," 0123456"," 0123456"," 0123456"," 0123456"
VTI,225,VOPB,VOMM,"BASOP P761 IDASO V3 AVGIR GAVID",VTTTB,36000,741.959,Time," Time"," 0"," NONE"," 100"," P"," 0123456"," 1"," 0123456"," 0123456"," 0123456"," 0123456"
VTI,2252,VOHS,OMDB,,VT-B77,,1376.71,0400," 12:44"," 0"," NONE"," 1"," P"," 0123456"," 1"," 0123456"," 0123456"," 0123456"," 0123456"
VTI,227,VIDP,OMDB,"PEKIX G333 MERUN G452 RK J173 SK J184 IDEBA G214 PG G665 ASVIB N312 SOLUV M316 KATUS A791 LALDO N300 NOLSU P307 KULBA L313 IMPED",VT-T38,380,1180,Time," Time"," 315"," "," 100"," P"," 0123456"," 1"," 0123456"," 0123456"," 0123456"," 0123456"
VTI,227,VOBL,OMDB,"GUNIM N563 REXOD A775 KUSRA P574 DAPOK T508 SOLUD P574 IMPED",VT-T38,380,1456,Time," Time"," 400"," "," 100"," P"," 0123456"," 1"," 0123456"," 0123456"," 0123456"," 0123456"
VTI,227,VOTV,VOCB,"TUMLA Q13 SANKI",VT-T38,190,153,Time," Time"," 30"," "," 100"," P"," 0123456"," 1"," 0123456"," 0123456"," 0123456"," 0123456"
VTI,232,SAME,SAZR,,VT-B58,35000,317.415,1200," 1200"," 1000"," NONE"," 100"," P"," 0123456"," 1"," 0123456"," 0123456"," 0123456"," 0123456"
VTI,2333,MMGL,KLAS,"TEILA UJ3 MZT UJ7 CUL UJ12 CHX UT12 VYLLA J92 TUS J11 DRK ",VT-TNB,36000,1123,09:45," 12:45"," 3"," "," 100"," P"," 0123456"," 1"," 0123456"," 0123456"," 0123456"," 0123456"
VTI,240,VIDP,VOMM,"VIDP OSRAM W20N BPL W20 MMV VOMM",VT-TNB,34000,951.855,0950," 0100"," 310"," NONE"," 100"," P"," 0123456"," 1"," 0123456"," 0123456"," 0123456"," 0123456"
VTI,250,VABB,WIMM,"VABB AGELA N571 GUNIP G468 GOTLA WIMM",VT-T38,370,1779.56,17.00," Time"," 0"," NONE"," 100"," P"," 0123456"," 1"," 0123456"," 0123456"," 0123456"," 0123456"
VTI,257,VECC,VEPT,,VT-TTF,18000,255.132,12.00," 13.25"," 1.258"," NONE"," 100"," P"," 0123456"," 1"," 0123456"," 0123456"," 0123456"," 0123456"
VTI,262,VABB,OMDB,"SAKUN V001 BIDIX L505 NOBAT L301 RAGMA N571 VUSET A454 PASOV B540 BUBIN",VT-T38,320,1041.21,Time," Time"," 0"," NONE"," 100"," P"," 0123456"," 1"," 0123456"," 0123456"," 0123456"," 0123456"
VTI,262,VANP,VABB,"TAMID G450 BBB",VT-TNB,320,368.983,Time," Time"," 100"," NONE"," 100"," P"," 0123456"," 1"," 0123456"," 0123456"," 0123456"," 0123456"
VTI,262,VOMM,VABB,"DOHIA DOLKI Q8 AGELA MOLG1A",VT-T38,38000,558.62,Time," Time"," 0"," NONE"," 100"," P"," 0123456"," 1"," 0123456"," 0123456"," 0123456"," 0123456"
VTI,262,VEVZ,VOMM,"VVZ A465 DOKET HYDOK",VT-T38,32000,334.977,Time," Time"," 0"," NONE"," 100"," P"," 0123456"," 1"," 0123456"," 0123456"," 0123456"," 0123456"
VTI,2626,VABB,OMDB,,VT-TTJ,,1041.21,1025," 05:30"," 0"," NONE"," 1"," P"," 0123456"," 1"," 0123456"," 0123456"," 0123456"," 0123456"
VTI,264,VIJP,VOHS,"Q23 IBANI W19 BULDI Q23 DULAR W19 BR",VT-TTB,35000,594,1230," 1430"," 200"," "," 100"," P"," 0123456"," 1"," 0123456"," 0123456"," 0123456"," 0123456"
VTI,271,VOCI,VOBG,,VT-T37,1100,183,Time," Time"," 0"," "," 100"," P"," 0123456"," 1"," 0123456"," 0123456"," 0123456"," 0123456"
VTI,272,LFPG,EDDT,,VT-T77,30000,459,0000," 0000"," 0"," "," 100"," P"," 0123456"," 1"," 0123456"," 0123456"," 0123456"," 0123456"
VTI,272,OMSJ,OTBD,,VT-T38,20000,214.806,5:00," 5:45"," 0"," NONE"," 100"," P"," 0123456"," 1"," 0123456"," 0123456"," 0123456"," 0123456"
VTI,272,VOBG,VABB,,VT-TNB,25000,461.482,0315," 0415"," 100"," "," 100"," P"," 0123456"," 1"," 0123456"," 0123456"," 0123456"," 0123456"
VTI,272,VOBL,VOMM,,VT-T38,30000,144,0000," 0000"," 0"," "," 100"," P"," 0123456"," 1"," 0123456"," 0123456"," 0123456"," 0123456"
VTI,272,VOMM,VOTV,,VT-T38,28000,331,0000," 0000"," 0"," "," 100"," P"," 0123456"," 1"," 0123456"," 0123456"," 0123456"," 0123456"
VTI,274,VECC,VIDP,"RIKLA TEPAL R460 LKN M890 JAL SIBA1A",VT-B58,38000,709.585,19:50," 22:20"," 2.3"," NONE"," 100"," P"," 0123456"," 1"," 0123456"," 0123456"," 0123456"," 0123456"
VTI,277,PHNL,KSMX," CLUTS R465 CIVIT R585 AUDIA C1155 MQO",VT-B77,39000,2131.9,2315," 0345"," 400"," NONE"," 100"," P"," 0123456"," 1"," 0123456"," 0123456"," 0123456"," 0123456"
VTI,277,PKMJ,PMDY,"ZIVZU WEXUN 10N173E 16N176E 24N180W ESOVY",VT-T19,35000,1424.87,2130," 0100"," 330"," NONE"," 100"," P"," 0123456"," 1"," 0123456"," 0123456"," 0123456"," 0123456"
VTI,277,VOHS,VOTV,"LURGI Q21 TELUV W153 BIA W43 ARONA Q13 TUMLA HIBUS",VT-TNB,36000,533.268,2120," 2305"," 145"," NONE"," 100"," P"," 0123456"," 1"," 0123456"," 0123456"," 0123456"," 0123456"
VTI,277,ESSA,EIDW,"ARS N623 EBURI Z166 NIBNO Z372 ELVOM M125 ZOL P600 KLONN UP600 TRN DCT BLACA DCT NELBO DCT NIMAT",VT-TTB,36000,878,1630," 1920"," 320"," "," 100"," P"," 0123456"," 0"," 0123456"," 0123456"," 0123456"," 0123456"
VTI,277,RPLL,VHHH,"OLIVA W16 AVMUP A461 NOMAN V531 DOVAR W28 SONNY V531 BETTY",VT-TNB,38000,619,1700," 1905"," 205"," "," 100"," P"," 0123456"," 1"," 0123456"," 0123456"," 0123456"," 0123456"
VTI,291,VECC,VNKT,"DUMKA R581 ROMEO",VT-TTG,300,346.443,Time," Time"," 140"," NONE"," 100"," P"," 0123456"," 1"," 0123456"," 0123456"," 0123456"," 0123456"
VTI,292,VOMM,VOBL,,VTV78,11000,144.736,Time," Time"," 0"," NONE"," 100"," P"," 0123456"," 1"," 0123456"," 0123456"," 0123456"," 0123456"
VTI,297,VEPT,VABB,"IBUSU W44 BBN G590 BHITI W33 KKJ G590 IID W10 SG A474 AKTIV",VT-TTF,380,783.162,Time," Time"," 0"," NONE"," 100"," P"," 0123456"," 1"," 0123456"," 0123456"," 0123456"," 0123456"
VTI,298,EGLL,LPMA,"GOGS1F GOGSI N621 SAM DCT LORKU UN866 BERAD UM30 QPR UN866 KORUL/N0448F360 DCT DEMOS/N0453F350 DCT LIDRO LIDR5A",VT-TNB,35000,1335,Time," Time"," 4"," "," 100"," P"," 0123456"," 1"," 0123456"," 0123456"," 0123456"," 0123456"
VTI,31,VICG,VILH,"LELAX LLH",VT-TTD,31000,211,Time," Time"," 0"," "," 100"," P"," 0123456"," 0"," 0123456"," 0123456"," 0123456"," 0123456"
VTI,311,VOBL,VABB,,VT-TTI,,450.917,1900," 2045"," 1.45"," NONE"," 0"," P"," 1"," 1"," "," "," "," "
VTI,311,VAPO,VOBL,,VT-TNB,25000,390.657,Time," Time"," 0"," NONE"," 100"," P"," 0123456"," 1"," 0123456"," 0123456"," 0123456"," 0123456"
VTI,311,VOMM,VOHS,"N0438F320 DOHIA BODEL DCT LEDOB LEDOB6",VT-TNB,32000,274.179,2200," 2310"," 110"," NONE"," 100"," P"," 0123456"," 1"," 0123456"," 0123456"," 0123456"," 0123456"
VTI,313,EGGD,EFHK,"EGGD SID BCN UN864 DIKAS UL18 GAVGO UL9 CPT UM197 RATLO P44 SOMVA UP155 OKOKO UZ303 DHE UP729 DOSUR P729 TALSA Z702 ALAMI P606 DIVAM STAR EFHK",VT-B77,38000,1065,Time," Time"," 0"," "," 100"," C"," 0123456"," 0"," 0123456"," 0123456"," 0123456"," 0123456"
VTI,313,EGLL,EFHK,"EGLL SID BPK Q295 CLN UL620 ARTOV P44 SOMVA UP155 OKOKO UZ303 DHE UP729 DOSUR P729 TALSA Z702 ALAMI P606 DIVAM STAR EFHK",VT-B77,37000,998,Time," Time"," 0"," "," 100"," P"," 0123456"," 0"," 0123456"," 0123456"," 0123456"," 0123456"
VTI,313,LOWI,EGKK,"LOWI SID KPT UL608 TEDGO UZ210 LIRSU UL608 DENUT UL610 TEBRA STAR EGKK ",VT-T77,38000,508,Time," Time"," 0"," "," 100"," P"," 0123456"," 1"," 0123456"," 0123456"," 0123456"," 0123456"
VTI,313,LTFJ,EPWA,"LTFJ SID MAKOL N600 REVDA L621 LIMVI STAR EPWA",VT-B77,37000,758,Time," Time"," 0"," "," 100"," P"," 0123456"," 0"," 0123456"," 0123456"," 0123456"," 0123456"
VTI,313,LEMD,LFPG,,VT-T38,29000,574,Time," Time"," 0"," "," 100"," P"," 0123456"," 1"," 0123456"," 0123456"," 0123456"," 0123456"
VTI,313,LPMA,LFPG,"LPMA SID ORTIS UN728 TFN UT274 GDV UN871 VJF UN10 HIJ UZ230 TLD UN858 VANAD A34 KOVAK STAR LFPG",VT-B77,37000,1308,Time," Time"," 0"," "," 100"," P"," 0123456"," 0"," 0123456"," 0123456"," 0123456"," 0123456"
VTI,313,LTFJ,LFPG,,VT-B77,37000,1230,Time," Time"," 0"," "," 100"," P"," 0123456"," 0"," 0123456"," 0123456"," 0123456"," 0123456"
VTI,313,LIPZ,OKBK,"LIPZ SID ROSKA DCT BARPI DCT DIMLO DCT INVED M747 NEKUL P975 ARTAT UP975 ARPUT UW710 EZS UP975 PEBAD UM688 SIDAD STAR OKBK",VT-B77,38000,1939,Time," Time"," 0"," "," 100"," P"," 0123456"," 0"," 0123456"," 0123456"," 0123456"," 0123456"
VTI,313,VHHH,VIDP,,VT-B77,37000,2025,Time," Time"," 0"," "," 100"," P"," 0123456"," 0"," 0123456"," 0123456"," 0123456"," 0123456"
VTI,313,LTFJ,VOBG,,VT-B77,37000,3034,Time," Time"," 0"," "," 100"," P"," 0123456"," 0"," 0123456"," 0123456"," 0123456"," 0123456"
VTI,313,VIDP,VOBG,"VIDP SID AKELA J5 INTIL Q23 IKAVA W19 IBANI Q23 BULDI W19 BPL W20 BIGIL J3 BUSBO W20 HIA W71 LURGI Q21 TELUV STAR VOBG",VT-B77,35000,939,Time," Time"," 0"," "," 100"," P"," 0123456"," 0"," 0123456"," 0123456"," 0123456"," 0123456"
VTI,313,VIDP,VOBG,"VIDP SID ITBAN L759 GURTI W10S BPL W20 BIGIL J3 BUSBO W20 HIA W71 LURGI Q21 TELUV STAR VOBG",VT-T77,37000,939,Time," Time"," 0"," "," 100"," P"," 0123456"," 1"," 0123456"," 0123456"," 0123456"," 0123456"
VTI,313,VAAH,VOHS,"VAAH SID QQZ J19 AAU L301 BEVSU L518 GUMIT W19 BR STAR VOHS",VT-T38,28000,479,Time," Time"," 0"," "," 100"," P"," 0123456"," 1"," 0123456"," 0123456"," 0123456"," 0123456"
VTI,313,VIDP,WSSS,,VT-B77,38000,2248,Time," Time"," 3"," "," 100"," P"," 0123456"," 0"," 0123456"," 0123456"," 0123456"," 0123456"
VTI,317,EKCH,ENGM,"EKCH MIKS1D MIKSI DCT RETKA Z137 PIPEX M609 RIPAM RIPA4M ENGM",VT-T37,30000,279.483,Time," Time"," 0"," NONE"," 100"," P"," 0123456"," 1"," 0123456"," 0123456"," 0123456"," 0123456"
VTI,320,VABB,VAAH,"ANOL1A ISRIS A347 APANO APAN1B",VT-TTB,34000,240,Time," Time"," 120"," "," 100"," P"," 0123456"," 0"," 0123456"," 0123456"," 0123456"," 0123456"
VTI,321,VEAT,VECC,"CML B593 NOTAK",VT-B58,24000,171.117,Time," Time"," 0"," NONE"," 100"," P"," 0123456"," 1"," 0123456"," 0123456"," 0123456"," 0123456"
VTI,3217,VEIM,VEGT,"VEIM KKU W53 VENUM VEGT",VTTTB,26000,149.262,20:35," 21:30"," 1"," NONE"," 100"," P"," 0123456"," 1"," 0123456"," 0123456"," 0123456"," 0123456"
VTI,3217,RJTT,YSSY,"RJTT	-	0	0	N35°33'12.00""	E139°46'52.00""	TOKYO INTERNATIONAL
UTIBO	-	164	37	N34°56'47.02""	E139°53'43.90""	UTIBO
BAFFY	-	167	35	N34°22'02.82""	E139°58'20.45""	BAFFY
FITTO	-	167	23	N33°59'08.63""	E140°01'20.74""	FITTO
SABRI	-	186	75	N32°46'12.80""	E139°43'13.91""	SABRI
CADDY	-	167	107	N31°00'00.18""	E139°59'13.45""	CADDY
UKATA	-	157	63	N30°00'03.09""	E140°20'46.24""	UKATA
TOMOL	-	148	114	N28°18'58.56""	E141°19'49.03""	TOMOL
VASKO	-	165	202	N25°00'15.82""	E142°02'12.95""	VASKO
OMLET	-	164	246	N21°00'00.00""	E142°59'24.00""	OMLET
TOESS	-	165	212	N17°34'00.00""	E143°50'00.00""	TOESS
WINZR	-	168	152	N15°05'36.00""	E144°22'48.00""	WINZR
UNZ	115.8	169	101	N13°27'16.40""	E144°43'59.90""	NIMITZ
ASADE	-	172	40	N12°47'35.40""	E144°50'24.14""	ASADE
KAPOK	-	173	60	N11°48'03.39""	E144°59'56.78""	KAPOK
HUTEL	-	174	147	N09°22'36.00""	E145°18'48.00""	HUTEL
NUTTI	-	177	264	N05°00'00.00""	E145°42'24.00""	NUTTI
PIKOK	-	178	301	N00°00'00.00""	E146°08'30.00""	PIKOK
NZ	113.9	180	396	S06°34'06.00""	E146°42'32.22""	NADZAB
PY	117	174	176	S09°27'10.68""	E147°12'54.36""	PORT MORESBY
APISO	-	174	155	S12°00'00.00""	E147°36'23.82""	APISO
NONIR	-	173	223	S15°40'32.43""	E148°11'09.91""	NONIR
HM	114.4	173	284	S20°21'04.00""	E148°57'21.00""	HAMILTON ISLAND
MK	112.7	165	51	S21°10'23.00""	E149°11'14.00""	MACKAY
MAGRA	-	172	76	S22°25'35.46""	E149°22'27.84""	MAGRA
MIMMI	-	177	257	S26°42'25.29""	E149°35'25.80""	MIMMI
ROKUU	-	176	89	S28°11'03.31""	E149°40'07.64""	ROKUU
DALAS	-	163	134	S30°20'38.78""	E150°18'32.76""	DALAS
SCO	209	162	105	S32°02'05.00""	E150°49'52.00""	SCONE
CORKY	-	168	28	S32°29'54.73""	E150°54'44.94""	CORKY
SADLO	-	168	18	S32°47'16.97""	E150°57'49.52""	SADLO
BOREE	-	168	27	S33°14'14.23""	E151°02'38.38""	BOREE
YSSY	-	168	43	S33°56'46.00""	E151°10'38.00""	SYDNEY / KINGSFORD SMITH",VT-B77,27000,4226.2,21:45," 07:15"," 10"," NONE"," 100"," P"," 0123456"," 1"," 0123456"," 0123456"," 0123456"," 0123456"
VTI,322,VIJP,VABB,"DCT NIKOT Q2 SG DCT IGBAN DCT KALAM DCT
",VT-TTL,38000,492.629,Time," Time"," 0"," NONE"," 100"," P"," 0123456"," 1"," 0123456"," 0123456"," 0123456"," 0123456"
VTI,32215,VOMY,VOCI,,VT-TNB,21000,130,Time," Time"," 0"," "," 100"," P"," 0123456"," 1"," 0123456"," 0123456"," 0123456"," 0123456"
VTI,325,OMAA,VIDP,"DCT MIADA M318 SERSA P307 TONVO A777 NADSO B505 EGTAL R462 JI J185 TU J215 PG G214 RK G202 TIGER G452 LKA DCT AVGON DCT IDUDU DCT
",VT-B77,41000,1231.07,Time," Time"," 0"," NONE"," 100"," P"," 0123456"," 1"," 0123456"," 0123456"," 0123456"," 0123456"
VTI,325,VIDP,VIJP,"NIXAK REBON A474 JJP",VTTTB,180,125.247,Time," Time"," 0"," NONE"," 100"," P"," 0123456"," 1"," 0123456"," 0123456"," 0123456"," 0123456"
VTI,327,KLAS,KPHX,"COWBY8 COWBY DCT WOTRO BRUSR1",VT-T77,30000,222,Time," Time"," 0"," "," 100"," P"," 0123456"," 0"," 0123456"," 0123456"," 0123456"," 0123456"
VTI,327,CYYC,KPSP,"AGBOV DCT PIDLA DCT DUMRA DCT SATOV DCT DORSE DCT JUMIS DCT NATZZ DCT REKKA DCT PANAC DCT GFS CLOWD1",VTV78,36000,1044,Time," Time"," 0"," "," 100"," P"," 0123456"," 0"," 0123456"," 0123456"," 0123456"," 0123456"
VTI,327,LTCB,LTFH,"EMLA1A EMLAD W71 TERME TERM1T",VT-T19,18000,99,Time," Time"," 0"," "," 100"," P"," 0123456"," 0"," 0123456"," 0123456"," 0123456"," 0123456"
VTI,327,LTCB,LTFH,"EMLA1N EMLAD M11 OSDUT W71 TERME TERM1P",VT-T19,18000,99,Time," Time"," 0"," "," 100"," P"," 0123456"," 0"," 0123456"," 0123456"," 0123456"," 0123456"
VTI,327,OMDB,OEDF,"SENP1F SENPA N571 ALPOB UL768 SOLOB UA453 BHR UB457 NARMI H999 KFA",VT-B77,35000,309,Time," Time"," 0"," "," 100"," P"," 0123456"," 0"," 0123456"," 0123456"," 0123456"," 0123456"
VTI,330,VABB,VAAH,"VABB SID DOTIP A347 APANO STAR VAAH",VT-TNB,32000,240,1630IST," 1800IST"," 130"," "," 100"," P"," 0123456"," 1"," 0123456"," 0123456"," 0123456"," 0123456"
VTI,330,VABB,VAAH,"DOTIP APANO VAAH ",VT-TNB,32000,240,1620," 1750"," 130"," "," 100"," P"," 0123456"," 1"," 0123456"," 0123456"," 0123456"," 0123456"
VTI,331,VAAH,VABB,"VAAH SID BVR G210 IPNIB W13S BOFIN STAR VABB ",VT-TTB,31000,240,1920," 2020"," 100"," "," 100"," P"," 0123456"," 0"," 0123456"," 0123456"," 0123456"," 0123456"
VTI,3348,VOCB,VOBL,,VT-T38,24000,136,Time," Time"," 0"," "," 100"," P"," 0123456"," 1"," 0123456"," 0123456"," 0123456"," 0123456"
VTI,3348,VOGO,VOCB,,VT-T38,32000,322,Time," Time"," 109"," "," 100"," P"," 0123456"," 1"," 0123456"," 0123456"," 0123456"," 0123456"
VTI,33651,VOTV,VOMD,"IFR OR VFR",VT-T38,0,110,00:00," 00:00"," 0"," VANNAKAM SOUTH Leg:5"," 0"," H"," 0123456"," 1"," 0123456"," 0123456"," 0123456"," 0123456"
VTI,341,VOBL,VABB,,VT-TTM,,450.917,1900," 2045"," 1.45"," NONE"," 0"," P"," 1"," 1"," "," "," "," "
VTI,342,VOBL,VABB,,VT-TTJ,,450.917,1900," 2045"," 1.45"," NONE"," 0"," P"," 1"," 1"," "," "," "," "
VTI,3421,VAAH,VABB," BVR G210 IPNIB W13S BOFIN",VT-T38,290,240,Time," Time"," 100"," "," 100"," P"," 0123456"," 0"," 0123456"," 0123456"," 0123456"," 0123456"
VTI,3421,VISR,VIDP,,VT-T38,250,347.058,Time," Time"," 0"," "," 100"," P"," 0123456"," 1"," 0123456"," 0123456"," 0123456"," 0123456"
VTI,3421,VNKT,VIDP,"NARAN L626 MAHEN L626 HW",VT-T38,290,440.647,Time," Time"," 0"," NONE"," 100"," P"," 0123456"," 1"," 0123456"," 0123456"," 0123456"," 0123456"
VTI,3421,VOCB,VOBL,"UGABA RUBOX",VT-T38,210,136,Time," Time"," 45"," "," 100"," P"," 0123456"," 1"," 0123456"," 0123456"," 0123456"," 0123456"
VTI,3421,VOCB,VOBL,"CCB UGABA RUBOX",VT-T38,240,136,Time," Time"," 50"," "," 100"," P"," 0123456"," 1"," 0123456"," 0123456"," 0123456"," 0123456"
VTI,3421,VOMM,VOBL,"HALCO XIVIL TENKY",VT-T38,180,144,Time," Time"," 0"," "," 100"," P"," 0123456"," 1"," 0123456"," 0123456"," 0123456"," 0123456"
VTI,3421,VOCB,VOCI,"ARONA CIA",VT-T38,160,64,Time," Time"," 20"," "," 100"," P"," 0123456"," 1"," 0123456"," 0123456"," 0123456"," 0123456"
VTI,3421,VOBL,VOMM,TULNA,VT-T38,190,144,Time," Time"," 40"," "," 100"," P"," 0123456"," 1"," 0123456"," 0123456"," 0123456"," 0123456"
VTI,343,VOBL,VABB,,VT-TTF,,450.917,1900," 2045"," 1.45"," NONE"," 0"," P"," 1"," 1"," "," "," "," "
VTI,3434,LEPA,LEBL,,VT-B58,16000,109.176,1200," 1300"," 140"," NONE"," 100"," P"," 0123456"," 1"," 0123456"," 0123456"," 0123456"," 0123456"
VTI,3434,VOMM,VOBL,,VT-TTF,24000,144.736,1200," 1340"," 101"," NONE"," 100"," P"," 0123456"," 1"," 0123456"," 0123456"," 0123456"," 0123456"
VTI,344,VOBL,VABB,,VTTTB,,450.917,1900," 2045"," 1.45"," NONE"," 0"," P"," 1"," 1"," "," "," "," "
VTI,3443,VASU,VAPO,"SUR V47 BOFIN G210 BBB W28 PPN",VT-TNB,23000,166,2100," 2200"," 130"," "," 100"," P"," 0123456"," 0"," 0123456"," 0123456"," 0123456"," 0123456"
VTI,345,VOBL,VABB,,VT-TTL,,450.917,1900," 2045"," 1.45"," NONE"," 0"," P"," 1"," 1"," "," "," "," "
VTI,346,VOBL,VABB,,VT-TTG,,450.917,1900," 2045"," 1.45"," NONE"," 0"," P"," 1"," 1"," "," "," "," "
VTI,347,VOBL,VABB,,VT-TTH,,450.917,1900," 2045"," 1.45"," NONE"," 0"," P"," 1"," 1"," "," "," "," "
VTI,347,SCEL,MYNN,"DONTI UT131 SIBOT UT131 ATEDA UL302 ASEPU UL302 JCL UM795 KUSKU UM795 LOBOT UM795 BOKAN UM795 COLBY UM542 SIA UR625 ENAMO Y307 ZQA",VT-B77,34000,3532,1230," 2030"," 800"," "," 100"," P"," 0123456"," 0"," 0123456"," 0123456"," 0123456"," 0123456"
VTI,348,VOBL,VABB,,VT-TTK,,450.917,1900," 2045"," 1.45"," NONE"," 0"," P"," 1"," 1"," "," "," "," "
VTI,348,VECC,VOBL,,VT-T79,36000,836,Time," Time"," 0"," "," 100"," P"," 0123456"," 0"," 0123456"," 0123456"," 0123456"," 0123456"
VTI,355,VNKT,VOTV,"SMR G590 BBN W33N KKJ W139 NNP W27 HIA Q21 LUGRI Q21 BIA W118 CCB W43 TUMLA",VT-TTF,37000,1250.38,Time," Time"," 3"," NONE"," 100"," P"," 0123456"," 1"," 0123456"," 0123456"," 0123456"," 0123456"
VTI,355,VOTV,VRMM,,VT-B58,33000,327.903,Time," Time"," 1"," NONE"," 100"," P"," 0123456"," 1"," 0123456"," 0123456"," 0123456"," 0123456"
VTI,356,VCBI,WSSS,,VT-B77,37000,1486,Time," Time"," 0"," "," 100"," P"," 0123456"," 0"," 0123456"," 0123456"," 0123456"," 0123456"
VTI,35940,VABB,VIDP,"DOTIP A347 DIPAS",VT-TNB,36000,615.284,06:20," 08:20"," 2"," NONE"," 100"," P"," 0123456"," 1"," 0123456"," 0123456"," 0123456"," 0123456"
VTI,367,VOMM,VOTV,,VT-T37,28000,331,Time," Time"," 0"," "," 100"," P"," 0123456"," 1"," 0123456"," 0123456"," 0123456"," 0123456"
VTI,39229,OMDB,LOWW,"NADIL M557 TUMAK UT602 ROTOX L570 ALTAX NEPOT L851 DEGET NATEX ",VT-T77,34000,2282.74,Time," Time"," 6"," NONE"," 100"," P"," 0123456"," 1"," 0123456"," 0123456"," 0123456"," 0123456"
VTI,422,EBBR,LEMG,,VT-T38,37000,938.135,1250," 1350"," 312"," NONE"," 100"," P"," 0123456"," 1"," 0123456"," 0123456"," 0123456"," 0123456"
VTI,43,VAPO,VASU,"N0319F220 DCT PUN DCT SUR DCT",VT-T19,18000,166.122,Time," Time"," 0"," NONE"," 100"," P"," 0123456"," 1"," 0123456"," 0123456"," 0123456"," 0123456"
VTI,442,EBBR,KMIA,,VT-T47,38000,4032.22,1255," 1350"," 1250"," NONE"," 100"," P"," 0123456"," 1"," 0123456"," 0123456"," 0123456"," 0123456"
VTI,444,VECC,VABB,,VT-TTE,38000,900.3,Time," Time"," 0"," NONE"," 100"," P"," 0123456"," 1"," 0123456"," 0123456"," 0123456"," 0123456"
VTI,455,VABB,VOBL,"EPKOS Q9 RIKBU",VT-TTM,370,450.917,Time," Time"," 0"," NONE"," 100"," P"," 0123456"," 1"," 0123456"," 0123456"," 0123456"," 0123456"
VTI,459,VIDP,VILK,,VT-B58,28000,228,Time," Time"," 0"," "," 100"," P"," 0123456"," 1"," 0123456"," 0123456"," 0123456"," 0123456"
VTI,46546,SAVT,SBFI,"TRE W18 BCA W22 GEBEM MEVIV IGU",VT-T77,37000,1183.56,Time," Time"," 0"," NONE"," 100"," P"," 0123456"," 1"," 0123456"," 0123456"," 0123456"," 0123456"
VTI,466,LIRF,ESSA,"SOVAN L995 FRZ L12 LUMAV M726 BRENO UM726 NORIN RUDNO UL132 AGNAV L132 KILNU UL132 EKPEK BODLA L132 DEMUR N746 GORPI ARMOD Z228 NILUG",VT-T77,32000,1093.27,Time," Time"," 0"," NONE"," 100"," P"," 0123456"," 1"," 0123456"," 0123456"," 0123456"," 0123456"
VTI,46892,EHAM,TNCM,"GORL1P GORLO UL980 MANGO UL620 LND UT7 MADEK UT37 REGHI DCT 45N020W 41N030W 36N040W 30N050W DCT RKDIA A516 MNOLO ULUBA1",VT-T77,32000,3747.83,Time," Time"," 0"," NONE"," 100"," P"," 0123456"," 1"," 0123456"," 0123456"," 0123456"," 0123456"
VTI,4951,PMDY,PWAK,"STUBB 28N78 27E80 25E77 23E73 21E69 AWK",VT-TNB,34000,1028,1600," 1900"," 300"," "," 100"," P"," 0123456"," 1"," 0123456"," 0123456"," 0123456"," 0123456"
VTI,5,VIDP,VAAH,"SABEG REBON A474 NIKOT R462 UUD UUD1B",VT-T38,,408.946,10:45," 12:15"," 0"," NONE"," 84"," P"," 0123456"," 1"," 0123456"," 0123456"," 0123456"," 0123456"
VTI,503,VABB,OMDB,,VT-TTF,380,1041.21,Time," Time"," 300"," NONE"," 100"," P"," 0123456"," 1"," 0123456"," 0123456"," 0123456"," 0123456"
VTI,532,VRMM,VOTV,,VT-T38,35000,327,Time," Time"," 0"," "," 100"," P"," 0123456"," 1"," 0123456"," 0123456"," 0123456"," 0123456"
VTI,533,OPQT,OMSJ,,VT-TTD,,675.038,15:00," 17:34"," 0"," NONE"," 8"," P"," 0123456"," 1"," 0123456"," 0123456"," 0123456"," 0123456"
VTI,535,VEAT,VECC,"AAT B593 NOKAT",VTTTB,25000,171.117,10:20," 11:25"," 0"," NONE"," 15"," P"," 0123456"," 1"," 0123456"," 0123456"," 0123456"," 0123456"
VTI,535,HECA,HEGN,"SOLAM A727 SEMRU W727 OBTAV ",VT-TNB,30000,219.687,Time," Time"," 0"," NONE"," 100"," P"," 0123456"," 1"," 0123456"," 0123456"," 0123456"," 0123456"
VTI,5433,PANC,PADK,"TED J511 DLG EHM J619 SPY J120 ADK
",VT-TNB,36000,1034,1445," 1815"," 330"," "," 100"," P"," 0123456"," 1"," 0123456"," 0123456"," 0123456"," 0123456"
VTI,546,VOCB,VOMM,,VT-T19,28000,218,Time," Time"," 0"," "," 100"," P"," 0123456"," 1"," 0123456"," 0123456"," 0123456"," 0123456"
VTI,5545,VABB,OMDB,"SAKUN V001 BIDIX L505 NOBAT L301 RAGMA N571 VUSET A454 PASOV B540 BUBIN","VT- BTM",380,1041.21,Time," Time"," 0"," NONE"," 100"," P"," 0123456"," 1"," 0123456"," 0123456"," 0123456"," 0123456"
VTI,5545,VABB,OMDB,"DCT BOMBA/K0902F400 DCT KS/N0495F410 DCT TARAB DCT 2268E/N0492F430 DCT 2267E DCT 2265E DCT 2264E DCT PARAR P307 TONVO DCT BUBIN DCT",VT789,35000,1041,Time," Time"," 0"," "," 100"," P"," 0123456"," 0"," 0123456"," 0123456"," 0123456"," 0123456"
VTI,555,VOCI,VOHS,"CCB W43 BIA W57 RIMAV",VT-T38,370,441.671,Time," Time"," 0"," NONE"," 100"," P"," 0123456"," 1"," 0123456"," 0123456"," 0123456"," 0123456"
VTI,55555,EGBB,LHBP,"DTY M189 CLN MODRU RITUP AKOSI DITIS TABIN ANEXA",VT-T77,37000,862.803,Time," Time"," 0"," NONE"," 100"," P"," 0123456"," 1"," 0123456"," 0123456"," 0123456"," 0123456"
VTI,556,VOGO,VABB,"MESGA OKILA",VT-TTD,26000,229.632,Time," Time"," 0"," NONE"," 100"," P"," 0123456"," 1"," 0123456"," 0123456"," 0123456"," 0123456"
VTI,56,NTAA,KLAX,"IKELO MIKAT A220 MOMBO A220 MAEVA 10N138W BORIC B454 TONYS B200 FICKY",VT-T77,33000,3573.88,Time," Time"," 7"," NONE"," 100"," P"," 0123456"," 1"," 0123456"," 0123456"," 0123456"," 0123456"
VTI,56,EGCC,EGKK,,VT-T37,19000,153,1400," 1500"," 2"," "," 100"," P"," 0123456"," 1"," 0123456"," 0123456"," 0123456"," 0123456"
VTI,56,VOHS,VABB,,VT-T37,30000,336.686,1440," 1640"," 0"," "," 100"," P"," 0123456"," 1"," 0123456"," 0123456"," 0123456"," 0123456"
VTI,56,VABB,VIDP,,VT-T37,30000,615.284,14:30," 17:30"," 3"," "," 100"," P"," 0123456"," 1"," 0123456"," 0123456"," 0123456"," 0123456"
VTI,56,VOBL,VOML,,VT-T47,25000,165,Time," Time"," 0"," "," 100"," P"," 0123456"," 0"," 0123456"," 0123456"," 0123456"," 0123456"
VTI,5644,MMGL,KLAS,"TEILA UJ3 MZT UJ7 CUL UJ12 CHX UT12 VYLLA J92 TUS J11 DRK ",VT-TNB,34000,1123,1400," 1700"," 300"," "," 100"," P"," 0123456"," 1"," 0123456"," 0123456"," 0123456"," 0123456"
VTI,56456,VOBL,LSZH,"GUNIM R461 OKILA P574 MIXAM T508 SOLUD P574 AVAMI N571 ATBOR M557 TUMAK UL602 RALKA G795 TASMI UL602 DELMI G202 TAN B544 ALE UM861 BELSU UL605 YUCEL UA17 YAVRU UA4 BKZ L615 VADEN Y520 LUKOV Q8 DOLAP VANAX TIBRO SAFFA UZ613 NEGRA",VT-T77,36000,3983.35,Time," Time"," 0"," NONE"," 100"," P"," 0123456"," 1"," 0123456"," 0123456"," 0123456"," 0123456"
VTI,56565,VASU,VABB,,VT-B77,20000,121,1400," 1530"," 130"," "," 100"," P"," 0123456"," 0"," 0123456"," 0123456"," 0123456"," 0123456"
VTI,566,VABB,OMDB," SAKUN V2 SUGID N571 VUSET A454 PASOV B540 BUBIN",VT-B58,380,1041.21,Time," Time"," 300"," NONE"," 100"," P"," 0123456"," 1"," 0123456"," 0123456"," 0123456"," 0123456"
VTI,575,ZBHH,RKPC,,VT-B58,39000,827.839,1200," 1350"," 245"," NONE"," 100"," P"," 0123456"," 1"," 0123456"," 0123456"," 0123456"," 0123456"
VTI,581,VEBS,VECC,,VT-T38,28000,206,Time," Time"," 0"," "," 100"," P"," 0123456"," 1"," 0123456"," 0123456"," 0123456"," 0123456"
VTI,582,VOHS,VOBL,vabdi,VT-T19,300,246.043,Time," Time"," 0"," NONE"," 100"," P"," 0123456"," 1"," 0123456"," 0123456"," 0123456"," 0123456"
VTI,589,VILK,VIDN,"TATAK W85 HW",VT-T19,26000,250.915,Time," Time"," 0"," NONE"," 100"," P"," 0123456"," 1"," 0123456"," 0123456"," 0123456"," 0123456"
VTI,589,VEBS,VOVZ,"ONATI Q11 SADGU A465 ISMON W90 LARIK A465 NIKIR",VT-T19,24000,211,Time," Time"," 0"," "," 100"," P"," 0123456"," 1"," 0123456"," 0123456"," 0123456"," 0123456"
VTI,59,OMDB,VABB,"RIKET B525 LALDO B505 NADSO A777 VAXIM L301 NOBAT M638 BBB",VT-T19,330,1041.21,Time," Time"," 0"," NONE"," 100"," P"," 0123456"," 1"," 0123456"," 0123456"," 0123456"," 0123456"
VTI,595,VOBL,VCBI,"TTR G325 IDIBI",VT-T19,29000,383,Time," Time"," 0"," "," 100"," P"," 0123456"," 1"," 0123456"," 0123456"," 0123456"," 0123456"
VTI,595,VABB,VOBL,"BBM W56S UNSAL ",VT-TTC,380,450.917,Time," Time"," 0"," NONE"," 100"," P"," 0123456"," 1"," 0123456"," 0123456"," 0123456"," 0123456"
VTI,5982,VABB,OMDB,,VT-TTC,38000,1041.21,0400," 0700"," 230"," NONE"," 1"," P"," 0123456"," 1"," 0123456"," 0123456"," 0123456"," 0123456"
VTI,601,VIDP,VILH,,VT-TTE,FOLLOW,335.536,07:00," 08:30"," 0"," "," 0"," S"," 123456"," 1"," "," "," "," "
VTI,602,VILH,VIDP,,VT-TTI,FOLLOW,335.536,09:05," 10:30"," 0"," "," 0"," S"," 123456"," 1"," "," "," "," "
VTI,611,VISR,VIJU,,VT-TTD,FOLLOW,78.0844,12:40," 13:20"," 0"," "," 0"," S"," 123456"," 1"," "," "," "," "
VTI,612,VISR,VIDP,,VT-TTF,FOLLOW,347.058,15:20," 17:10"," 0"," "," 0"," S"," 123456"," 1"," "," "," "," "
VTI,6173,MSLP,MMGL,"DUNEL UA317 TAP J13 IZT UL423 TEQ UJ24 UPN UJ3 ONGEL",VT-TNC,34000,922,17:00," 19:30"," 2"," "," 100"," P"," 0123456"," 1"," 0123456"," 0123456"," 0123456"," 0123456"
VTI,6221,PANC,PADK,"TED J511 DLG DCT EHM J619 SPY J120 ADK",VT-TNB,35000,1034,1230," 1600"," 330"," "," 100"," P"," 0123456"," 1"," 0123456"," 0123456"," 0123456"," 0123456"
VTI,623,VIDP,VEGT,,VT-TTE,FOLLOW,786.794,11:40," 14:10"," 0"," "," 0"," S"," 123456"," 1"," "," "," "," "
VTI,635,VABB,VIAR,,VT-TTB,FOLLOW,765.765,13:15," 15:40"," 0"," "," 0"," S"," 123456"," 1"," "," "," "," "
VTI,636,VIAR,VABB,,VT-TTE,FOLLOW,765.765,16:15," 18:50"," 0"," "," 0"," S"," 123456"," 1"," "," "," "," "
VTI,637,VIDP,VICG,,VT-TTK,FOLLOW,127.709,17:10," 18:15"," 0"," "," 0"," S"," 123456"," 1"," "," "," "," "
VTI,638,VICG,VIDP,,VT-TTM,FOLLOW,127.709,18:50," 19:55"," 0"," "," 0"," S"," 123456"," 1"," "," "," "," "
VTI,64,VOPB,VOAR,"BASOP P761 IDASO",VTTTB,16000,770.273,Time," Time"," 2"," NONE"," 100"," P"," 0123456"," 1"," 0123456"," 0123456"," 0123456"," 0123456"
VTI,641,VIDP,VILK,,VT-TTF,FOLLOW,228.915,13:40," 14:50"," 0"," "," 0"," S"," 123456"," 1"," "," "," "," "
VTI,643,VIDP,VISR,,VT-TTC,FOLLOW,347.058,11:50," 13:10"," 0"," "," 0"," S"," 123456"," 1"," "," "," "," "
VTI,644,VISR,VIDP,,VT-TNB,FOLLOW,347.058,13:45," 15:20"," 0"," "," 0"," S"," 123456"," 1"," "," "," "," "
VTI,645,VABB,VOHS,"PPN W28 GGB",VT-T38,27000,336,1800," 1915"," 115"," "," 100"," P"," 0123456"," 1"," 0123456"," 0123456"," 0123456"," 0123456"
VTI,647,VIDP,VILK,,VT-TTG,FOLLOW,228.915,16:10," 17:20"," 0"," "," 0"," S"," 123456"," 1"," "," "," "," "
VTI,652,CYYC,CYYZ,"DCT LOMLO Q961 DAPOP DCT UDBOX DCT YQT DCT OTNIK BOXUM3",VT-T38,27000,5076.73,Time," Time"," 3"," NONE"," 100"," P"," 0123456"," 1"," 0123456"," 0123456"," 0123456"," 0123456"
VTI,652,VTBS,VHHH,,VT-TNB,38000,913.221,1245," 1630"," 235"," NONE"," 100"," P"," 0123456"," 1"," 0123456"," 0123456"," 0123456"," 0123456"
VTI,654,VIDP,VABB,,VTTTB,34000,615.284,19:25," 22:30"," 0"," NONE"," 15"," P"," 0123456"," 1"," 0123456"," 0123456"," 0123456"," 0123456"
VTI,658,EGBB,LHBP,"DTY M189 CLN MODRU RITUP AKOSI DITIS TABIN ANEXA",VT-T77,39000,862.803,Time," Time"," 0"," NONE"," 100"," P"," 0123456"," 1"," 0123456"," 0123456"," 0123456"," 0123456"
VTI,659,VTBS,VOPB,"AKATO M502 LALIT P762 PPB",VT-T19,380,485.863,Time," Time"," 0"," NONE"," 100"," P"," 0123456"," 1"," 0123456"," 0123456"," 0123456"," 0123456"
VTI,6695,VABB,OMDB,"SAKUN V2 SUGID N571 VUSET A454 PASOV B540 MIVEK DCT BUBIN",VT-T19,320,1041.21,Time," Time"," 300"," NONE"," 100"," P"," 0123456"," 1"," 0123456"," 0123456"," 0123456"," 0123456"
VTI,67891,OBBI,LSZH,"ELOSO A453 DESBU M444 DAVUS UL602 ITBIT UM860 KABAN UT334 INB UL746 ODERO T86 MATEL T746 ENIMA M747 NEKUL P975 MOPUG DIMLO GRZ ERKIR UL608 KPT UL856 NEGRA",VT-T77,34000,2350.17,Time," Time"," 0"," NONE"," 100"," P"," 0123456"," 1"," 0123456"," 0123456"," 0123456"," 0123456"
VTI,67982,VHHH,EGLL,"OCEA2D OCEAN V3 RASSE V2 ELATO DCT APU G587 LEKOS M750 MADOG Y753 JAKAL A1 KEC DCT XAC DCT KAGIS A590 PABBA/N0494F330 DCT 40N150E 43N160E 45N170E 46N180E 46N170W/N0489F350 46N160W 45N150W 43N140W DCT KSFO DCT TIPRE Q126 EKR J100 OBK J547 FNT Q824 HOCKE Q905 SIKBO Q907 MIILS N324A ELSIR/M083F350 NATX DOGAL/N0484F350 NATX BEXET DCT SLANY UL9 DIKAS UL18 GAVGO UL9 KENET",VT-T77,29000,5206.04,Time," Time"," 22"," NONE"," 100"," P"," 0123456"," 1"," 0123456"," 0123456"," 0123456"," 0123456"
VTI,696,VOPB,VOMM,,VT-TNB,380,741.959,Time," Time"," 0"," NONE"," 100"," P"," 0123456"," 1"," 0123456"," 0123456"," 0123456"," 0123456"
VTI,701,VIDP,VILH,"YOUR OWN PREFFERED ROUTE",VT-TTI,,335.536,720," 845"," 0"," NONE"," 0","  "," 1234560"," 1"," 123456"," 123456"," 123456"," 123456"
VTI,707,VIDP,VECC,,VT-TTC,FOLLOW,709.585,17:30," 19:35"," 0"," "," 0"," S"," 123456"," 1"," "," "," "," "
VTI,707,VOGO,VOBL,,VT-TTB,26000,261,Time," Time"," 0"," "," 100"," P"," 0123456"," 0"," 0123456"," 0123456"," 0123456"," 0123456"
VTI,708,VECC,VIDP,,VT-TTG,FOLLOW,709.585,20:20," 22:35"," 0"," "," 0"," S"," 123456"," 1"," "," "," "," "
VTI,709,VIDP,VEBS,"YOUR OWN PREFFERED ROUTE",VT-TTJ,,690.683,745," 1000"," 0"," NONE"," 0","  "," 60"," 1"," 123456"," 123456"," 123456"," 123456"
VTI,713,VISR,VIDP,"YOUR OWN PREFFERED ROUTE",VT-TTJ,,347.058,1030," 1210"," 0"," NONE"," 0","  "," 123450"," 1"," 123456"," 123456"," 123456"," 123456"
VTI,714,VISR,VIDP,,VT-TNB,,347.058,15:20," 16:24"," 1.4"," NONE"," 160"," P"," 123456"," 1"," "," "," "," "
VTI,716,EDDF,RJAA,"TOBA1H TOBAK N858 ERSIL UN858 ESOBU UN746 GUDOP UZ131 BANUB Z131 ETRUS M864 KOLJA N746 KOKAT R355 NRM A333 IGROD Y301 SHELY Y30 SWAMP SWAMSA",VT-T77,33000,5064.21,Time," Time"," 0"," NONE"," 100"," P"," 0123456"," 1"," 0123456"," 0123456"," 0123456"," 0123456"
VTI,717,VIDP,VISR,"YOUR OWN PREFFERED ROUTE",VT-TTI,,347.058,830," 955"," 0"," NONE"," 0","  "," 60"," 1"," 123456"," 123456"," 123456"," 123456"
VTI,7179,VRMM,WMKK,"GOKAM P756 MDN R461 INTOT",VT-T38,37000,1692.91,11:10," 18:40"," 0"," NONE"," 100"," P"," 0123456"," 1"," 0123456"," 0123456"," 0123456"," 0123456"
VTI,719,VIDP,VECC,,VT-TTH,,709.585,20:10," 22:13"," 2.3"," NONE"," 160"," P"," 123456"," 1"," "," "," "," "
VTI,720,VIDP,VAPO,,VT-TTH,FOLLOW,625.141,10:25," 12:35"," 0"," "," 0"," S"," 123456"," 1"," "," "," "," "
VTI,725,VIDP,VEMN,,VT-TTB,FOLLOW,951.838,07:55," 11:50"," 0"," "," 0"," S"," 123456"," 1"," "," "," "," "
VTI,726,VOGO,VIDP,,VT-TTF,FOLLOW,4730.2,12:25," 16:30"," 0"," "," 0"," S"," 123456"," 1"," "," "," "," "
VTI,727,VIDP,VECC,,VT-TTD,FOLLOW,709.585,20:10," 22:20"," 0"," "," 0"," S"," 123456"," 1"," "," "," "," "
VTI,729,EDDF,EDDM,"DKB9G DKB T104 ANORA ANOR3A",VT-TNB,27000,162.262,1615," 1715"," 100"," NONE"," 100"," P"," 0123456"," 1"," 0123456"," 0123456"," 0123456"," 0123456"
VTI,731,VOCI,VOMM,,VT-TTD,,279.828,15:50," 16:39"," 0.49"," NONE"," 160"," P"," 123456"," 1"," "," "," "," "
VTI,732,VECC,VOMM,,VT-TTD,,749.06,20:50," 22:48"," 1.58"," NONE"," 160"," P"," 123456"," 1"," "," "," "," "
VTI,735,VIDP,VABB,"REBON Q2 SG",VT-TNB,310,615.284,"1230 Z"," "," 210"," NONE"," 100"," P"," 1234560"," 1"," "," "," "," "
VTI,736,VIAR,VABB,,VT-TTJ,,765.765,16:15," 18:34"," 2.19"," NONE"," 160"," P"," 123456"," 1"," "," "," "," "
VTI,741,VOMM,VOHS,"BODEL W20 LEDOB",VT-B58,320,274.179,1910," 2010"," 100"," NONE"," 100"," P"," 0123456"," 1"," 0123456"," 0123456"," 0123456"," 0123456"
VTI,741,VOMM,VOBL,"HALCO XIVIL TENKY5",VT-TTM,220,144,1445," 1530"," 45"," "," 100"," P"," 0123456"," 0"," 0123456"," 0123456"," 0123456"," 0123456"
VTI,743,VIDP,VISR,,VT-TTL,,347.058,11:50," 12:41"," 0.51"," NONE"," 160"," P"," 123456"," 1"," "," "," "," "
VTI,744,VISR,VIDP,,VT-TTL,,347.058,13:45," 14:46"," 1.1"," NONE"," 160"," P"," 123456"," 1"," "," "," "," "
VTI,74620,RCTP,EDDF,"PIANO L3 VIOLA R596 BZ A470 TOL A599 KAKIS W554 DOGVI A470 DPX A593 VYK W80 HUR B339 PIDOX A575 ASILA B339 POLHO A310 MODUN Y520 SERNA A822 LAPAK B151 KESED B926 ODIDA A575 ANDAT G723 KEMID B714 AJ G723 TU R805 SUPEK L29 SUW L735 GOVEN UL735 TADUV T173 KERAX",VT-T77,31000,5063.49,Time," Time"," 0"," NONE"," 100"," P"," 0123456"," 1"," 0123456"," 0123456"," 0123456"," 0123456"
VTI,747,VIDP,VECC,,VT-TTB,FOLLOW,709.585,07:45," 09:55"," 0"," "," 0"," S"," 123456"," 1"," "," "," "," "
VTI,751,VIDP,VERC,,VT-TTL,FOLLOW,544.706,06:30," 08:20"," 0"," "," 0"," S"," 123456"," 1"," "," "," "," "
VTI,752,VERC,VIDP,,VT-TTL,,544.706,08:55," 10:48"," 1.53"," NONE"," 160"," P"," 123456"," 1"," "," "," "," "
VTI,753,VIDP,VERC,,VT-TNB,FOLLOW,544.706,18:00," 19:50"," 0"," "," 0"," S"," 123456"," 1"," "," "," "," "
VTI,753,VOMM,VOCB,,VT-T18,28000,218,Time," Time"," 0"," "," 100"," P"," 0123456"," 0"," 0123456"," 0123456"," 0123456"," 0123456"
VTI,75343,EHAM,KPHX,"BERG1S BERGI DCT SUPUR UP1 RODSI UP58 FINDO UN610 RUGID DCT STN/N0483F340 DCT RATSU/M083F340 DCT 6320N DCT SOSIT/M078F280 UT594 NUTKA/M083F340 DCT BERUS/N0485F340 DCT FEDDY SCAI IRLAV/N0484F360 SCAI YRL DCT HML J107 DPR DCT RAP/N0485F380 J17 CYS/N0482F370 J17 FQF/N0482F380 J10 RSK J44 PXR DCT",VT-B77,32000,4694.64,Time," Time"," 0"," NONE"," 100"," P"," 0123456"," 1"," 0123456"," 0123456"," 0123456"," 0123456"
VTI,754,VERC,VIDP,,VT-TTN,,544.706,20:25," 22:05"," 1.4"," NONE"," 160"," P"," 123456"," 1"," "," "," "," "
VTI,754,VERC,VIDP,,VT-TTC,FOLLOW,544.706,20:25," 22:25"," 0"," "," 0"," S"," 123456"," 1"," "," "," "," "
VTI,759,VABB,VAGO,,VT-TTC,18000,4438.15,Time," Time"," 0"," NONE"," 100"," P"," 0123456"," 1"," 0123456"," 0123456"," 0123456"," 0123456"
VTI,76,GMAD,EBBR,,VT-T19,34000,1256.26,1250," 1350"," 345"," NONE"," 100"," P"," 0123456"," 1"," 0123456"," 0123456"," 0123456"," 0123456"
VTI,760,VEBS,VIDP,"YOUR OWN PREFFERED ROUTE",VT-TTJ,,690.683,2135," 2355"," 0"," NONE"," 0","  "," 1234560"," 1"," 123456"," 123456"," 123456"," 123456"
VTI,7633,VECC,VIDP,"TEPAL R460 LKN R594 JAL ",VT-T38,36000,709.585,12:10," 14:10"," 2"," "," 100"," P"," 0123456"," 1"," 0123456"," 0123456"," 0123456"," 0123456"
VTI,7659,LCLK,OSLK,LCA,VT-T19,3500,118.516,Time," Time"," 0"," NONE"," 100"," P"," 0123456"," 1"," 0123456"," 0123456"," 0123456"," 0123456"
VTI,766,VILH,VIDP,"YOUR OWN PREFFERED ROUTE",VT-TTJ,,335.536,920," 1100"," 0"," NONE"," 0","  "," 234"," 1"," 123456"," 123456"," 123456"," 123456"
VTI,771,VABB,VECC,,VT-TTK,FOLLOW,900.3,14:05," 16:15"," 0"," "," 0"," S"," 123456"," 1"," "," "," "," "
VTI,772,VECC,VABB,,VT-TTD,FOLLOW,900.3,10:40," 13:25"," 0"," "," 0"," S"," 123456"," 1"," "," "," "," "
VTI,774,VOMM,VOCI,,VT-TTD,,279.828,14:05," 14:57"," 0.52"," NONE"," 160"," P"," 123456"," 1"," "," "," "," "
VTI,778,VECC,VIDP,,VT-TTF,FOLLOW,709.585,17:00," 19:30"," 0"," "," 0"," S"," 123456"," 1"," "," "," "," "
VTI,778,VECC,VIDP,,VT-TTH,,709.585,17:00," 19:32"," 2.32"," NONE"," 160"," P"," 123456"," 1"," "," "," "," "
VTI,779,VILK,VIDP,,VTTTB,9000,228,Time," Time"," 0"," "," 100"," P"," 0123456"," 1"," 0123456"," 0123456"," 0123456"," 0123456"
VTI,781,VIDP,VEBS,,VT-TTI,FOLLOW,690.683,17:45," 19:55"," 0"," "," 0"," S"," 123456"," 1"," "," "," "," "
VTI,782,VEBS,VIDP,,VT-TTJ,FOLLOW,690.683,20:30," 22:45"," 0"," "," 0"," S"," 123456"," 1"," "," "," "," "
VTI,784,VIDP,VOHS,"VEMEV AKELA W19 INTIL W20S BPL W19 BR NAMSA8",VT-TTM,37000,685.263,1150," 1350"," 200"," NONE"," 100"," P"," 0123456"," 1"," 0123456"," 0123456"," 0123456"," 0123456"
VTI,785,VIDP,VEBS,,VT-TTG,FOLLOW,690.683,07:00," 09:05"," 0"," "," 0"," S"," 123456"," 1"," "," "," "," "
VTI,786,VEBS,VIDP,,VT-TTH,FOLLOW,690.683,09:40," 12:00"," 0"," "," 0"," S"," 123456"," 1"," "," "," "," "
VTI,787,VIDP,VEBS,,VT-TTH,FOLLOW,690.683,10:20," 12:20"," 0"," "," 0"," S"," 123456"," 1"," "," "," "," "
VTI,788,VEBS,VIDP,,VT-TTI,FOLLOW,690.683,12:55," 15:30"," 0"," "," 0"," S"," 123456"," 1"," "," "," "," "
VTI,789,EDDS,EHAM,"OKIBA N851 RIMKI Z99 LOHRE Z850 HMM UL602 RKN ",VT-B58,340,276.23,1725," 1840"," 110"," NONE"," 100"," P"," 0123456"," 1"," 0123456"," 0123456"," 0123456"," 0123456"
VTI,793,VIDP,VARP,,VT-TTJ,FOLLOW,510.74,06:40," 08:20"," 0"," "," 0"," S"," 123456"," 1"," "," "," "," "
VTI,794,VARP,VIDP,,VT-TTK,FOLLOW,510.74,08:55," 10:55"," 0"," "," 0"," S"," 123456"," 1"," "," "," "," "
VTI,797,VIDP,VARP,,VT-TTK,FOLLOW,510.74,18:00," 19:50"," 0"," "," 0"," S"," 123456"," 1"," "," "," "," "
VTI,798,VARP,VIDP,,VT-TTL,FOLLOW,510.74,20:35," 22:20"," 0"," "," 0"," S"," 123456"," 1"," "," "," "," "
VTI,799,VISR,VIJU,,VT-TNB,,78.0844,12:30," 12:59"," 0.29"," NONE"," 160"," P"," 123456"," 1"," "," "," "," "
VTI,8091,PMDY,PWAK,"STUBB 28N78 27E80 25E77 23E73 21E69 AWK",VT-TNB,34000,1028,1700," 2000"," 300"," "," 100"," P"," 0123456"," 1"," 0123456"," 0123456"," 0123456"," 0123456"
VTI,810,VOBL,VIDP,,VT-TTC,FOLLOW,924.387,07:00," 09:40"," 0"," "," 0"," S"," 123456"," 1"," "," "," "," "
VTI,811,VIDP,VOBL,,VT-TTB,FOLLOW,924.387,06:25," 09:05"," 0"," "," 0"," S"," 123456"," 1"," "," "," "," "
VTI,812,VIDP,VIJU,,VT-TTK,FOLLOW,274.09,13:25," 14:55"," 0"," "," 0"," S"," 123456"," 1"," "," "," "," "
VTI,813,VIDP,VOBL,,VT-TTE,FOLLOW,924.387,17:35," 20:20"," 0"," "," 0"," S"," 123456"," 1"," "," "," "," "
VTI,814,VOBL,VIDP,,VT-TTG,FOLLOW,924.387,21:00," 23:50"," 0"," "," 0"," S"," 123456"," 1"," "," "," "," "
VTI,815,VIDP,VOBL,,VT-TTC,FOLLOW,924.387,08:35," 11:15"," 0"," "," 0"," S"," 123456"," 1"," "," "," "," "
VTI,816,VOBL,VIDP,,VT-TTE,FOLLOW,924.387,12:00," 14:40"," 0"," "," 0"," S"," 123456"," 1"," "," "," "," "
VTI,817,VIDP,VOBL,,VT-TTD,FOLLOW,924.387,16:05," 18:50"," 0"," "," 0"," S"," 123456"," 1"," "," "," "," "
VTI,818,VOBL,VIDP,,VT-TTF,FOLLOW,924.387,19:40," 22:20"," 0"," "," 0"," S"," 123456"," 1"," "," "," "," "
VTI,819,VIDP,VOBL,,VT-TTF,FOLLOW,924.387,19:55," 22:40"," 0"," "," 0"," S"," 123456"," 1"," "," "," "," "
VTI,824,VOCI,VIDP,"YOUR OWN PREFFERED ROUTE",VT-TTH,,1107.56,1735," 2105"," 0"," NONE"," 0","  "," 1234560"," 1"," 123456"," 123456"," 123456"," 123456"
VTI,829,VIDP,VOHS,,VT-TTF,FOLLOW,685.263,07:10," 09:15"," 0"," "," 0"," S"," 123456"," 1"," "," "," "," "
CHT,830,VABB,VICG,,VT-TTF,210,728.237,1300," 1350"," 50"," NONE"," 100"," P"," 0123456"," 1"," 0123456"," 0123456"," 0123456"," 0123456"
VTI,830,VIDP,VICG,,VT-TTJ,FOLLOW,127.709,13:35," 14:45"," 0"," "," 0"," S"," 123456"," 1"," "," "," "," "
VTI,832,VOMM,VIDP,,VT-TTB,FOLLOW,951.855,06:50," 09:40"," 0"," "," 0"," S"," 123456"," 1"," "," "," "," "
VTI,833,VIDP,VOPB,,VT-TTF,FOLLOW,1343.3,07:15," 13:20"," 0"," "," 0"," S"," 123456"," 1"," "," "," "," "
VTI,834,VOPB,VIDP,,VT-TNB,FOLLOW,1343.3,13:55," 20:00"," 0"," "," 0"," S"," 123456"," 1"," "," "," "," "
VTI,835,VIDP,VOMM,,VT-TTM,FOLLOW,951.855,20:35," 23:20"," 0"," "," 0"," S"," 123456"," 1"," "," "," "," "
VTI,836,VOBL,VIDP,"YOUR OWN PREFFERED ROUTE",VT-TTI,,924.387,2020," 2300"," 0"," NONE"," 0","  "," 1234560"," 1"," 123456"," 123456"," 123456"," 123456"
VTI,838,VOBL,VECC,"YOUR OWN PREFFERED ROUTE",VT-TTM,,836.163,1000," 1240"," 0"," NONE"," 0","  "," 1234560"," 1"," 123456"," 123456"," 123456"," 123456"
VTI,841,VABB,VOGO,,VT-TTI,FOLLOW,4438.15,11:25," 12:35"," 0"," "," 0"," S"," 123456"," 1"," "," "," "," "
VTI,842,VOGO,VABB,,VT-TTH,FOLLOW,4438.15,13:10," 14:40"," 0"," "," 0"," S"," 123456"," 1"," "," "," "," "
VTI,843,VECC,VOBL,"YOUR OWN PREFFERED ROUTE",VT-TTM,,836.163,640," 915"," 0"," NONE"," 0","  "," 1234560"," 1"," 123456"," 123456"," 123456"," 123456"
VTI,843,VOBG,VOMM,,VT-T19,10000,146,11:00," 12:30"," 1"," "," 100"," P"," 0123456"," 1"," 0123456"," 0123456"," 0123456"," 0123456"
VTI,8431,OMDB,HESH,,VT-T47,,1137.25,1545," 1855"," 0"," NONE"," 129"," P"," 0123456"," 1"," 0123456"," 0123456"," 0123456"," 0123456"
VTI,847,VIDP,VOGO,,VT-TTN,,813.138,11:10," 13:31"," 2.21"," NONE"," 160"," P"," 123456"," 1"," "," "," "," "
VTI,847,VIDP,VOGO,,VT-TTD,FOLLOW,4730.2,11:10," 13:50"," 0"," "," 0"," S"," 123456"," 1"," "," "," "," "
VTI,84749,ZKPY,RKSI,,VT-T38,10000,111.728,Time," Time"," 0"," NONE"," 100"," P"," 0123456"," 1"," 0123456"," 0123456"," 0123456"," 0123456"
VTI,848,VOGO,VIDP,,VT-TTK,FOLLOW,4730.2,14:25," 17:05"," 0"," "," 0"," S"," 123456"," 1"," "," "," "," "
VTI,849,VIDP,VOBL,"YOUR OWN PREFFERED ROUTE",VT-TTL,,924.387,2035," 2315"," 0"," NONE"," 0","  "," 1234560"," 1"," 123456"," 123456"," 123456"," 123456"
VTI,851,VABB,VOBL,,VT-TTC,FOLLOW,450.917,05:35," 07:20"," 0"," "," 0"," S"," 123456"," 1"," "," "," "," "
VTI,852,VOBL,VABB,,VT-TTK,FOLLOW,450.917,08:55," 10:35"," 0"," "," 0"," S"," 123456"," 1"," "," "," "," "
VTI,853,VABB,VOBL,,VT-TTE,FOLLOW,450.917,15:40," 17:20"," 0"," "," 0"," S"," 123456"," 1"," "," "," "," "
VTI,854,VOBL,VABB,,VT-TTM,FOLLOW,450.917,18:25," 20:10"," 0"," "," 0"," S"," 123456"," 1"," "," "," "," "
VTI,855,VIDP,VOGO,"YOUR OWN PREFFERED ROUTE",VT-TTK,,813.138,900," 1140"," 0"," NONE"," 0","  "," 60"," 1"," 123456"," 123456"," 123456"," 123456"
VTI,855,VIDP,VOGO,,VT-TTC,FOLLOW,4730.2,07:10," 09:45"," 0"," "," 0"," S"," 123456"," 1"," "," "," "," "
VTI,856,VOGO,VIDP,,VT-TTJ,FOLLOW,4730.2,10:20," 12:55"," 0"," "," 0"," S"," 123456"," 1"," "," "," "," "
VTI,857,VABB,VOBL,,VT-TTG,FOLLOW,450.917,20:55," 22:35"," 0"," "," 0"," S"," 123456"," 1"," "," "," "," "
VTI,858,VOBL,VABB,,VT-TTJ,FOLLOW,450.917,06:40," 08:15"," 0"," "," 0"," S"," 123456"," 1"," "," "," "," "
VTI,860,VOHS,VIDP,,VT-TTE,FOLLOW,685.263,06:05," 08:05"," 0"," "," 0"," S"," 123456"," 1"," "," "," "," "
VTI,861,VABB,VOGO,,VT-TTH,FOLLOW,4438.15,06:35," 08:00"," 0"," "," 0"," S"," 123456"," 1"," "," "," "," "
VTI,863,VABB,VOBL,,VT-TTD,FOLLOW,450.917,09:05," 10:55"," 0"," "," 0"," S"," 123456"," 1"," "," "," "," "
VTI,864,VOBL,VABB,,VT-TTL,FOLLOW,450.917,11:35," 13:20"," 0"," "," 0"," S"," 123456"," 1"," "," "," "," "
VTI,8641,CYYZ,CYXU,DERLO,VT-T19,12000,5505.91,Time," Time"," 0"," NONE"," 100"," P"," 0123456"," 1"," 0123456"," 0123456"," 0123456"," 0123456"
VTI,865,VABB,VOBL,,VT-TTF,FOLLOW,450.917,18:10," 19:55"," 0"," "," 0"," S"," 123456"," 1"," "," "," "," "
VTI,866,VOBL,VABB,,VT-TNB,FOLLOW,450.917,20:35," 22:25"," 0"," "," 0"," S"," 123456"," 1"," "," "," "," "
VTI,868,VEGT,VEBD,"YOUR OWN PREFFERED ROUTE",VT-TTH,,178.749,1320," 1425"," 0"," NONE"," 0","  "," 123456"," 1"," 123456"," 123456"," 123456"," 123456"
VTI,870,VOHS,VIDP,,VT-TTH,FOLLOW,685.263,20:35," 22:35"," 0"," "," 0"," S"," 123456"," 1"," "," "," "," "
VTI,871,VIDP,VOHS,,VT-TTI,FOLLOW,685.263,20:45," 22:55"," 0"," "," 0"," S"," 123456"," 1"," "," "," "," "
VTI,875,VABB,VOHS,,VT-TTJ,FOLLOW,336.686,14:05," 15:30"," 0"," "," 0"," S"," 123456"," 1"," "," "," "," "
VTI,876,VOHS,VABB,,VT-TNB,FOLLOW,336.686,16:05," 17:30"," 0"," "," 0"," S"," 123456"," 1"," "," "," "," "
VTI,879,VIDP,VOHS,,VT-TTH,FOLLOW,685.263,17:40," 19:55"," 0"," "," 0"," S"," 123456"," 1"," "," "," "," "
VTI,881,VOMM,VIDP,,VT-TNB,33000,951,05:05," 07:55"," 2"," "," 100"," P"," 0123456"," 1"," 0123456"," 0123456"," 0123456"," 0123456"
VTI,882,VOCI,VIDP,,VT-TTB,FOLLOW,1107.56,09:50," 12:55"," 0"," "," 0"," S"," 123456"," 1"," "," "," "," "
VTI,883,VIDP,VOCI,,VT-TTL,FOLLOW,1107.56,06:00," 09:10"," 0"," "," 0"," S"," 123456"," 1"," "," "," "," "
VTI,884,VOGO,VIDP,,VT-TTN,,813.138,14:25," 16:47"," 2.22"," NONE"," 160"," P"," 123456"," 1"," "," "," "," "
VTI,885,VIDP,VOCI,,VT-TTM,FOLLOW,1107.56,15:45," 19:00"," 0"," "," 0"," S"," 123456"," 1"," "," "," "," "
VTI,886,VOCI,VIDP,,VT-TTC,FOLLOW,1107.56,19:40," 22:55"," 0"," "," 0"," S"," 123456"," 1"," "," "," "," "
VTI,889,VECC,VQPR,,VTTTB,35000,290.344,6," 8"," 1"," NONE"," 100"," P"," 0123456"," 1"," 0123456"," 0123456"," 0123456"," 0123456"
VTI,890,VOHS,VIDP,,VT-TTG,FOLLOW,685.263,17:40," 20:00"," 0"," "," 0"," S"," 123456"," 1"," "," "," "," "
VTI,897,VECC,VOBL,"YOUR OWN PREFFERED ROUTE",VT-TTM,,836.163,1705," 1935"," 0"," NONE"," 0","  "," 1234560"," 1"," 123456"," 123456"," 123456"," 123456"
VTI,897,ZBAA,CYUL,"DCT ASBAT/K0907F350 N735 FRENK/N0504F350 B244 OTZ DCT POTAT/N0497F370 NCA30 PELEE DCT NM DCT BEMOG LFLER3",VT789,41000,5647,1720," 0830"," 1330"," "," 100"," P"," 0123456"," 0"," 0123456"," 0123456"," 0123456"," 0123456"
VTI,898,VOBL,VECC,"YOUR OWN PREFFERED ROUTE",VT-TTJ,,836.163,2045," 2325"," 0"," NONE"," 0","  "," 1234560"," 1"," 123456"," 123456"," 123456"," 123456"
VTI,898,VABB,VOBL,"EPKOS Q9 RIKBU",VT-TTF,370,450.917,Time," Time"," 130"," NONE"," 100"," P"," 0123456"," 1"," 0123456"," 0123456"," 0123456"," 0123456"
VTI,898,VABB,VOBL,"IGMAR DCT OPAMO DCT TENKY ",VT-TTB,35000,450,Time," Time"," 0"," "," 100"," P"," 0123456"," 1"," 0123456"," 0123456"," 0123456"," 0123456"
VTI,899,VIDP,VOHS,,VT-TTG,FOLLOW,685.263,14:50," 17:00"," 0"," "," 0"," S"," 123456"," 1"," "," "," "," "
VTI,899,VIDP,VOHS,,VT-TTM,,685.263,15:00," 16:52"," 1.52"," NONE"," 160"," P"," 123456"," 1"," "," "," "," "
VTI,902,VABB,VIDP,,VT-TTC,FOLLOW,615.284,15:45," 18:00"," 0"," "," 0"," S"," 123456"," 1"," "," "," "," "
VTI,902,WMKK,WBSB,"ISTAN 6584 VPK M758 LUSMO M758 OLKIT M759 BRU DCT ",VT-TNB,33000,803,1300Z," 1500Z"," 210"," "," 100"," P"," 0123456"," 1"," 0123456"," 0123456"," 0123456"," 0123456"
VTI,912,YSSY,FAOR,"WOL H65 RAZZI Q29 ML KAYTU 4015S14136E 4337S13819E 4704S13450E 5350S12637E/N0490F360 5639S12122E 5847S11506E 6139S10026E 6215S09220E 6236S07532E/N0496F380 6233S07500E 6010S06026E 5757S05420E 5232S04431E 4521S03813E/N0489F400 4113S03605E 3723S03344E 3301S03159E 3300S03159E GYV UZ29 STV",VT-T77,38000,5959.46,Time," Time"," 0"," NONE"," 100"," P"," 0123456"," 1"," 0123456"," 0123456"," 0123456"," 0123456"
VTI,912,KLAX,RPLL,"VTU7 DINTY 35N130W 36N140W 37N150W 37N160W 36N170W 34N180W 31N170E 28N160E 24N150E 20N140E 17N130E POLIO PUGAD1",VT-T77,32000,6346.27,Time," Time"," 14.5"," NONE"," 100"," P"," 0123456"," 1"," 0123456"," 0123456"," 0123456"," 0123456"
VTI,912,FAOR,SBGR,"RAGU3A RAGUL UZ6 AVUSA UQ11 ABV ASONI 30S000E 30S010W 29S020W 28S030W 25S040W SORSA UMBAD UZ44 PAGOG ILSO1A",VT-B77,38000,4021.15,Time," Time"," 10.3"," NONE"," 100"," C"," 0123456"," 1"," 0123456"," 0123456"," 0123456"," 0123456"
VTI,91212,KLAX,RPLL,"VTU7 DINTY DCT 33N130W/N0495F300 DCT 33N140W DCT 33N150W DCT 33N160W/N0491F320 DCT 33N170W DCT 32N180W/N0490F340 DCT 30N170E DCT 27N160E DCT 23N150E DCT 20N140E/N0489F360 DCT 17N130E DCT POLIO POLIO2",VT-B58,32000,6346.27,Time," Time"," 14.1"," NONE"," 100"," P"," 0123456"," 1"," 0123456"," 0123456"," 0123456"," 0123456"
VTI,914,VABB,VAAH,"ANOLI APANO QQZ",VT-T19,30000,240,0300," 0410"," 110"," "," 100"," P"," 0123456"," 1"," 0123456"," 0123456"," 0123456"," 0123456"
VTI,914,VOBL,VAAH,"VAGPU Q8 AGELA W56N BBB A347 APANO ",VT-TNB,35000,660,0225IST," 0425"," 200"," "," 100"," P"," 0123456"," 1"," 0123456"," 0123456"," 0123456"," 0123456"
VTI,916,VOPB,VOMM,"VOPB DCT BASOP P761 IDASO V3 AVGIR STAR VOMM",VT-TTF,30000,741.959,15:20," 17:31"," 2"," NONE"," 100"," P"," 0123456"," 1"," 0123456"," 0123456"," 0123456"," 0123456"
VTI,918,VOBL,VOML,"VOBL PEXEG VOML",VT-TTC,30000,165,0020," 0110"," 50"," "," 100"," P"," 0123456"," 1"," 0123456"," 0123456"," 0123456"," 0123456"
VTI,923,VOBL,VAAH,,VT-TTE,,660.506,07:00," 08:56"," 1.56"," NONE"," 160"," P"," 123456"," 1"," "," "," "," "
VTI,924,KJFK,TNCM,,VT-B77,37000,1466,Time," Time"," 0"," "," 100"," P"," 0123456"," 0"," 0123456"," 0123456"," 0123456"," 0123456"
VTI,924,VAAH,VOBL,,VT-TTE,,660.506,09:40," 11:36"," 1.56"," NONE"," 160"," P"," 123456"," 1"," "," "," "," "
VTI,925,VOBL,VAAH,,VT-TTE,,660.506,17:30," 19:18"," 1.48"," NONE"," 160"," P"," 123456"," 1"," "," "," "," "
VTI,926,VAAH,VOBL,,VT-TTE,,660.506,20:10," 22:04"," 1.54"," NONE"," 160"," P"," 123456"," 1"," "," "," "," "
VTI,930,VABB,VIDP,"YOUR OWN PREFFERED ROUTE",VT-TTF,,615.284,730," 935"," 0"," NONE"," 0","  "," 123456"," 1"," 123456"," 123456"," 123456"," 123456"
VTI,933,VIDP,VABB,,VT-TTL,FOLLOW,615.284,15:25," 17:35"," 0"," "," 0"," S"," 123456"," 1"," "," "," "," "
VTI,936,WADD,ELLX,"WADD BATU1B UDONO M635 VTK B338 VMR B469 VPK M751 GOLUD M770 KAKID M875 JHANG A466 DI N644 LEMOD A909 BIBIM B450 MARAL M23 BISNA B491 MKL B494 OLGIN M991 NIROV L984 PADKA DCT OKG UN869 ANELA UZ160 WUR Z744 LEPSA Z104 MISGI T894 AGBUL T890 BETEX BETE2K ELLX",VT-T47,40000,6545.44,Time," Time"," 0"," NONE"," 100"," P"," 0123456"," 1"," 0123456"," 0123456"," 0123456"," 0123456"
VTI,940,VABB,VIDP,,VT-TTE,FOLLOW,615.284,19:45," 21:45"," 0"," "," 0"," S"," 123456"," 1"," "," "," "," "
VTI,943,VIDP,VABB,"REBON Q2 SG",VT-TTC,330,615.284,"1233 Z"," "," 210"," NONE"," 100"," P"," 1234560"," 1"," "," "," "," "
VTI,943,VOPB,VECC,"PPB W112 DOPID",VT-T38,380,706,11:45," 13:45"," 200"," "," 100"," P"," 0123456"," 1"," 0123456"," 0123456"," 0123456"," 0123456"
VTI,944,VABB,VIDP,,VT-TTB,FOLLOW,615.284,14:40," 16:55"," 0"," "," 0"," S"," 123456"," 1"," "," "," "," "
VTI,946,VAAH,VIDP,,VT-TTB,FOLLOW,408.946,08:35," 10:25"," 0"," "," 0"," S"," 123456"," 1"," "," "," "," "
VTI,94828,VOPB,VOMM,"BASOP IDASO",VTTTB,16000,741.959,Time," Time"," 0"," NONE"," 100"," P"," 0123456"," 1"," 0123456"," 0123456"," 0123456"," 0123456"
VTI,94829,SCCN,SCPU,,"VT- BTM",01000,311.353,00:00," 00:10"," 0.1"," NONE"," 180"," P"," 0123456"," 1"," 0123456"," 0123456"," 0123456"," 0123456"
VTI,94830,EDKL,ETOU,,"VT- BTM",01000,76.8793,00:00," 00:10"," 0.1"," NONE"," 51"," P"," 0123456"," 1"," 0123456"," 0123456"," 0123456"," 0123456"
3XE,95,VABB,VIDP,,VT-T18,310,615.284,11:40," 14:30"," 1.3"," NONE"," 100"," P"," 0123456"," 1"," 0123456"," 0123456"," 0123456"," 0123456"
VTI,950,VABB,VIDP,,VT-TTG,FOLLOW,615.284,21:55," 00:15"," 0"," "," 0"," S"," 123456"," 1"," "," "," "," "
VTI,953,VIDP,VABB,,VT-TTD,FOLLOW,615.284,20:40," 22:50"," 0"," "," 0"," S"," 123456"," 1"," "," "," "," "
VTI,955,VIBN,VIDP,,VT-TTH,FOLLOW,360.555,15:20," 16:55"," 0"," "," 0"," S"," 123456"," 1"," "," "," "," "
VTI,959,VIDP,VAAH,,VT-TTJ,FOLLOW,408.946,06:30," 08:00"," 0"," "," 0"," S"," 123456"," 1"," "," "," "," "
VTI,960,VABB,VIDP,,VT-TTM,FOLLOW,615.284,11:55," 14:10"," 0"," "," 0"," S"," 123456"," 1"," "," "," "," "
VTI,963,VIDP,VABB,,VT-TTH,FOLLOW,615.284,08:45," 11:10"," 0"," "," 0"," S"," 123456"," 1"," "," "," "," "
VTI,966,VAAH,VIDP,,VT-TTC,FOLLOW,408.946,20:25," 22:00"," 0"," "," 0"," S"," 123456"," 1"," "," "," "," "
VTI,966,VOCB,VOBL,"CIA W118 CCB W43 UGABA",VT-T38,210,136,22:45," 23:45"," 1"," "," 100"," P"," 0123456"," 1"," 0123456"," 0123456"," 0123456"," 0123456"
VTI,969,VIDP,VAAH,,VT-TTK,FOLLOW,408.946,18:10," 19:50"," 0"," "," 0"," S"," 123456"," 1"," "," "," "," "
VTI,970,VABB,VIDP,"YOUR OWN PREFFERED ROUTE",VTTTB,,615.284,845," 1100"," 0"," NONE"," 0","  "," 1234560"," 1"," 123456"," 123456"," 123456"," 123456"
VTI,971,VOHS,VAPO,,VT-TTI,FOLLOW,270.428,15:15," 16:20"," 0"," "," 0"," S"," 123456"," 1"," "," "," "," "
VTI,972,VAPO,VOHS,,VT-TNB,FOLLOW,270.428,13:10," 14:35"," 0"," "," 0"," S"," 123456"," 1"," "," "," "," "
VTI,974,VABB,VOTV,"bbm w175 mml w155 cia",VT-TNB,29000,679.868,Time," Time"," 0"," NONE"," 100"," P"," 0123456"," 1"," 0123456"," 0123456"," 0123456"," 0123456"
VTI,975,VIDP,VABB,"YOUR OWN PREFFERED ROUTE",VT-TTF,,615.284,555," 805"," 0"," NONE"," 0","  "," 123456"," 1"," 123456"," 123456"," 123456"," 123456"
VTI,976,VIDP,VIAR,,VT-TTL,FOLLOW,223.722,13:40," 14:45"," 0"," "," 0"," S"," 123456"," 1"," "," "," "," "
VTI,977,VIDP,VABB,,VT-TTB,FOLLOW,615.284,19:00," 21:10"," 0"," "," 0"," S"," 123456"," 1"," "," "," "," "
VTI,978,GCLA,EFHK,"GCLA KONB2T KONBA UN866 BEXAL DCT TOSDI UN745 ZMR UN873 DESAB UN867 MOKOR UN873 TOLEN DCT JUIST UP729 DOSUR DCT ALAMI P606 DIVAM DIVA1W EFHK",VT-T38,34000,1927.55,Time," Time"," 0"," NONE"," 100"," P"," 0123456"," 1"," 0123456"," 0123456"," 0123456"," 0123456"
VTI,978,LYTV,LGSM,"LASTI L187 RODON DOBAR TALAS UN130 MES UL609 URNIL",VT-T38,35000,471,Time," Time"," 0"," "," 100"," P"," 0123456"," 1"," 0123456"," 0123456"," 0123456"," 0123456"
VTI,978,VECC,VOPB,,VT-T38,35000,706,Time," Time"," 0"," "," 100"," P"," 0123456"," 1"," 0123456"," 0123456"," 0123456"," 0123456"
VTI,979,VIDP,VAAH,,VT-TTK,,408.946,08:45," 10:03"," 1.18"," NONE"," 160"," P"," 123456"," 1"," "," "," "," "
VTI,980,VIJP,VIDP,"JJP DIPAS CHI",VT-T19,23000,125.247,0200," 0330"," 130"," NONE"," 100"," P"," 0123456"," 1"," 0123456"," 0123456"," 0123456"," 0123456"
VTI,981,VIDP,VABB,,VT-TTE,FOLLOW,615.284,21:30," 23:45"," 0"," "," 0"," S"," 123456"," 1"," "," "," "," "
VTI,982,VIDP,VABB,"REBON Q2 SG",VT-TTC,350,615.284,"1255 Z"," "," 210"," NONE"," 100"," P"," 1234560"," 1"," "," "," "," "
VTI,983,VIDP,VABB,,VT-TTJ,FOLLOW,615.284,11:40," 14:00"," 0"," "," 0"," S"," 123456"," 1"," "," "," "," "
VTI,983,VERC,VIDP,,VT-TNB,FOLLOW,544.706,08:55," 11:00"," 0"," "," 0"," S"," 123456"," 1"," "," "," "," "
VTI,985,VIDP,VABB,,VT-TTC,FOLLOW,615.284,19:50," 21:55"," 0"," "," 0"," S"," 123456"," 1"," "," "," "," "
CH,9859,VIDP,VIAR,ANY,VT-TTG,ANY,223.722,11:40," 12:25"," 130"," NONE"," 0"," P"," 0123456"," 1"," 0123456"," 0123456"," 0123456"," 0123456"
VTI,986,VABB,VIDP,,VT-TTH,FOLLOW,615.284,22:40," 00:50"," 0"," "," 0"," S"," 123456"," 1"," "," "," "," "
VTI,988,VABB,VIDP,,VT-TTF,FOLLOW,615.284,20:55," 23:00"," 0"," "," 0"," S"," 123456"," 1"," "," "," "," "
VTI,988,VABB,WMKK,"AGELA N571 GUNIP Y348 GOKAD",VT789,390,1959.2,Time," Time"," 500"," NONE"," 100"," P"," 0123456"," 1"," 0123456"," 0123456"," 0123456"," 0123456"
VTI,989,VIDP,VAPO,,VT-TNB,FOLLOW,625.141,03:10," 05:20"," 0"," "," 0"," S"," 123456"," 1"," "," "," "," "
VTI,990,VAPO,VIDP,,VT-TTH,FOLLOW,625.141,05:55," 07:55"," 0"," "," 0"," S"," 123456"," 1"," "," "," "," "
VTI,991,VIDP,VAPO,"YOUR OWN PREFFERED ROUTE",VT-TTK,,625.141,1725," 1930"," 0"," NONE"," 0","  "," 1234560"," 1"," 123456"," 123456"," 123456"," 123456"
VTI,991,VOMM,VECC,"KOLCA VATMO Q10 GOLAN",VT-TTB,37000,749,1700," 1915"," 215"," "," 100"," P"," 0123456"," 1"," 0123456"," 0123456"," 0123456"," 0123456"
VTI,991,VECC,VOPB,"DOPID W111 PPB",VT-TTB,35000,706,1730," 1945"," 215"," "," 100"," P"," 0123456"," 1"," 0123456"," 0123456"," 0123456"," 0123456"
VTI,992,VAPO,VIDP,,VT-TNB,FOLLOW,625.141,20:20," 22:30"," 0"," "," 0"," S"," 123456"," 1"," "," "," "," "
VTI,993,VIDP,VABB,,VT-TTK,FOLLOW,615.284,12:50," 15:00"," 0"," "," 0"," S"," 123456"," 1"," "," "," "," "
VTI,994,VIDP,VIBN,,VT-TTD,FOLLOW,360.555,13:20," 14:45"," 0"," "," 0"," S"," 123456"," 1"," "," "," "," "
VTI,995,VIDP,VABB,,VT-TTI,FOLLOW,615.284,10:20," 12:35"," 0"," "," 0"," S"," 123456"," 1"," "," "," "," "
VTI,996,VABB,VIDP,,VT-TTD,FOLLOW,615.284,18:30," 20:40"," 0"," "," 0"," S"," 123456"," 1"," "," "," "," "
VTI,997,VIDP,VAPO,,VT-TNB,FOLLOW,625.141,17:35," 19:45"," 0"," "," 0"," S"," 123456"," 1"," "," "," "," "
VTI,998,VAPO,VIDP,,VT-TTI,FOLLOW,625.141,16:55," 19:05"," 0"," "," 0"," S"," 123456"," 1"," "," "," "," "
VTI,998,VAPO,VIDP,,VT-TTM,,625.141,13:10," 15:14"," 2.4"," NONE"," 160"," P"," 123456"," 1"," "," "," "," "
VTI,999,VABB,KSFO,"DOTIP A347 APANO G208 KE B210 NH J158 PS P500 FIRUZ G500 POMIR B496 DA B357 GASTA G661 BALGO A367 BLH B955 BAROV R484 DIMID R27 NESPA B954 GIKSI G7 LURET R351 KUMOG G902 FRENK B244 OTZ J502 FAI J515 HRDNG J502 RDFLG J515 ORT J502 YZT J523 TOU J501 OED J1 HANDY J126 RBL",VT-T19,320,7303.41,Time," Time"," 0"," NONE"," 100"," P"," 0123456"," 1"," 0123456"," 0123456"," 0123456"," 0123456"
VTI,ETW1,VIDP,WSSS,"MATEX ALI R460 BBN P646 JJS M770 LALAT M770 OBMOG L515 PUT B579 VPL W531 VIH A464 ARAMA ARAM1A",VT-B77,ANY,2248.42,," "," 0"," NONE"," 100","  "," 123456"," 1"," 123456"," 123456"," 123456"," 123456"
VTI,ETW10,VRMM,VIDP,"MUGB2B MUGBA R457 TVM W43 BIA W57 HIA J3 BPL Q24 BAVOX SAPL6B",VT-B77,ANY,1479.26,," "," 0"," NONE"," 100","  "," 123456"," 1"," 123456"," 123456"," 123456"," 123456"
VTI,ETW2,WSSS,YSSY,"VENI1E SURGA M635 ATMAP A576 PKS H319 TARAL Y59 RIVET RIVET2",VT-B77,ANY,3402,," "," 0"," NONE"," 100","  "," 123456"," 1"," 123456"," 123456"," 123456"," 123456"
VTI,ETW3,YSSY,NZAA,"EVONN L521 LUNBI ARAD6B",VT-B77,ANY,1167.39,," "," 0"," NONE"," 100","  "," 123456"," 1"," 123456"," 123456"," 123456"," 123456"
VTI,ETW4,NZAA,PHTO,"AKLOM G594 RG B596 RUDEE",VT-B77,ANY,3814.41,," "," 0"," NONE"," 100","  "," 123456"," 1"," 123456"," 123456"," 123456"," 123456"
VTI,ETW5,PHTO,KJFK,"EBBER R577 ELKEY LAX J100 LAS J146 GLD J192 PWE J64 LMN V216 OTM V434 MZV J18 JOT J60 DJB V6 CIP V226 LVZ LENDY6",VT-B77,ANY,4258.03,," "," 0"," NONE"," 100","  "," 123456"," 1"," 123456"," 123456"," 123456"," 123456"
VTI,ETW6,KJFK,TNCM,"SHIPP JETZZ BLUUU DUMPR ICCEY OHRYN BEHHR RESQU SKPPR L455 LENNT A300 PLING SLUGO A638 PJM",VT-B77,ANY,1466.13,," "," 0"," NONE"," 100","  "," 123456"," 1"," 123456"," 123456"," 123456"," 123456"
VTI,ETW7,TNCM,SBGL,"ELOPO L451 ANU UA312 DALGA A312 LEPOD UA312 ACARI UL452 BSI UZ2 ISOPI Z1 POSTA UZ24 XOMOD Z1 PUDVA UZ24 OPKES Z1 GEMUV UZ24 KOLTU Z1 MAVGU",VT-B77,ANY,2718.52,," "," 0"," NONE"," 100","  "," 123456"," 1"," 123456"," 123456"," 123456"," 123456"
VTI,ETW8,SBGL,FAOR,"PUMS1A ADA UL340 EKALO 2630W 2820W 2910W 2900W 2910S OKTEL ITKOT UQ11 AVUSA UQ19 AVAGO AVAG1D",VT-B77,ANY,3865.64,," "," 0"," NONE"," 100","  "," 123456"," 1"," 123456"," 123456"," 123456"," 123456"
VTI,ETW9,FAOR,VRMM,"EGME1D EGMEN EPSEK UG465 OTKIR G465 ESKOL E3B",VT-B77,ANY,3203.34,," "," 0"," NONE"," 100","  "," 123456"," 1"," 123456"," 123456"," 123456"," 123456"
VTI,FTF1,VNKT,VILH,"NARAN L626 HW W85 SP W39 LELAX ",VT-TNB,ANY,558.299,"PILOT CHOICE"," PILOT CHOICE"," 0"," NONE"," 100"," P"," 0123456"," 1"," 123456"," 123456"," 123456"," 123456"
VTI,FTF2,VILH,VIAR,"PK W30E BOKAD ",VTTTB,ANY,201.251,"PILOT CHOICE"," PILOT CHOICE"," 0"," NONE"," 100"," P"," 0123456"," 1"," "," "," "," "
VTI,FTF3,VIAR,VISR,"JJU W34 MESAR ",VT-TTM,ANY,136.9,"PILOT CHOICE"," PILOT CHOICE"," 0"," NONE"," 100"," P"," 0123456"," 1"," "," "," "," "
VTI,FTF4,VISR,VEPT,"MESAR W31E PK W31W BOKAD W31E ASARI L509 UXUPO",VT-TNB,ANY,736.829,"PILOT CHOICE"," PILOT CHOICE"," 0"," NONE"," 100"," P"," 0123456"," 1"," "," "," "," "
VTI,FTF5,VEPT,VIJU,"BODOG A201 LKN M890 LAKET W36 AAR",VTTTB,ANY,686.096,"PILOT CHOICE"," PILOT CHOICE"," 0"," NONE"," 100"," P"," 0123456"," 1"," "," "," "," "
VTI,FTF6,VIJU,VICG,"AAR W36 IBANA",VT-TTM,ANY,156.958,"PILOT CHOICE"," PILOT CHOICE"," 0"," NONE"," 100"," P"," 0123456"," 1"," "," "," "," "
VTI,FTF7,VICG,VIJP,"ONOGI M890 SP W35 DPN W65S REBON A474 IKABA ",VT-TNB,ANY,237.02,"PILOT CHOICE"," PILOT CHOICE"," 0"," NONE"," 100"," P"," 0123456"," 1"," "," "," "," "
VTI,FTF8,VIJP,VIDN,"DIPAS A347 DPN W35 SP ",VTTTB,ANY,237.822,"PILOT CHOICE"," PILOT CHOICE"," 0"," NONE"," 100"," P"," 0123456"," 1"," "," "," "," "
VTI,FTF9,VIDN,VIDP,SP,VT-TTM,ANY,112.704,"PILOT CHOICE"," PILOT CHOICE"," 0"," NONE"," 100"," P"," 0123456"," 1"," "," "," "," "
VTI,FTS1,VECC,VEAT,"NOKA2E NOKAT B593 AAT",VT-TNB,ANY,171.117,," "," 0"," NONE"," 100","  "," 123456"," 1"," 123456"," 123456"," 123456"," 123456"
VTI,FTS2,VEAT,VEMN,"AAT W55 MEPAR W55 KKU J8 DMR J10 JHT W51 NOMAG",VT-TTC,ANY,297.598,," "," 0"," NONE"," 100","  "," 123456"," 1"," 123456"," 123456"," 123456"," 123456"
VTI,FTS3,VEMN,VEGT,"DRG W51 RUPAK BAROT",VT-TNB,ANY,201.844,," "," 0"," NONE"," 100","  "," 123456"," 1"," 123456"," 123456"," 123456"," 123456"
VTI,FTS4,VEGT,VIDP,"DUKUM W137 BBD G348 KTM L626 SSB",VT-TTM,ANY,786.794,," "," 0"," NONE"," 100","  "," 123456"," 1"," 123456"," 123456"," 123456"," 123456"
VTI,FTS5,VIDP,VIJU,"BIPAN BUTOP A589 ASARI W31W BOKAD W30W PK W34 JJU",VTTTB,ANY,274.09,," "," 0"," NONE"," 100","  "," 123456"," 1"," 123456"," 123456"," 123456"," 123456"
VTI,FTS6,VIJU,VABB,"JJU W34 PK BOKAD ASARI JJP GUDUM NIKOT Q2 SG IGBA1A",VT-TNB,ANY,824.342,," "," 0"," NONE"," 100","  "," 123456"," 1"," 123456"," 123456"," 123456"," 123456"
VTI,FTS7,VABB,VOHS,"VEVA1A PUN W28 GGB NAMSA6",VT-TTM,ANY,336.686,," "," 0"," NONE"," 100","  "," 123456"," 1"," 123456"," 123456"," 123456"," 123456"
VTI,FTS8,VOHS,VECC,"VIRKO5 SAPNU W41 KAKID KAKI2G",VT-TTC,ANY,652.82,," "," 0"," NONE"," 100","  "," 123456"," 1"," 123456"," 123456"," 123456"," 123456"
VTI,GUJA1,VOHS,VAAH,"GUMIT L518 MONPI N895 BODAR",VT-TNB,,479.857,1400," 1535"," 1.35"," NONE"," 100","  "," 123456"," 1"," 123456"," 123456"," 123456"," 123456"
VTI,GUJA2,VOHS,VAAH,"GUMIT L518 MONPI N895 BODAR",VT-TNB,,479.857,1405," 1540"," 1.35"," NONE"," 100","  "," 123456"," 1"," 123456"," 123456"," 123456"," 123456"
VTI,GUJA3,VOHS,VAAH,"GUMIT L518 MONPI N895 BODAR",VT-TNB,,479.857,1410," 1545"," 1.35"," NONE"," 100","  "," 123456"," 1"," 123456"," 123456"," 123456"," 123456"
VTI,GUJA4,VOHS,VAAH,"GUMIT L518 MONPI N895 BODAR",VT-TNB,,479.857,1415," 1550"," 1.35"," NONE"," 100","  "," 123456"," 1"," 123456"," 123456"," 123456"," 123456"
VTI,GUJA5,VOHS,VAAH,"GUMIT L518 MONPI N895 BODAR",VT-TNB,,479.857,1420," 1555"," 1.35"," NONE"," 100","  "," 123456"," 1"," 123456"," 123456"," 123456"," 123456"
VTI,GUJA6,VOHS,VAAH,"GUMIT L518 MONPI N895 BODAR",VT-TNB,,479.857,1425," 1600"," 1.35"," NONE"," 100","  "," 123456"," 1"," 123456"," 123456"," 123456"," 123456"
VTI,GUJA7,VOHS,VAAH,"GUMIT L518 MONPI N895 BODAR",VT-TNB,,479.857,1430," 1605"," 1.35"," NONE"," 100","  "," 123456"," 1"," 123456"," 123456"," 123456"," 123456"
VTI,GUJA8,VOHS,VAAH,"GUMIT L518 MONPI N895 BODAR",VT-TNB,,479.857,1435," 1610"," 1.35"," NONE"," 100","  "," 123456"," 1"," 123456"," 123456"," 123456"," 123456"
VTI,GUJB1,VAAH,VABB,"BVR G210 IPNIB W13S BOFIN",VT-TNB,,240.096,1555," 1710"," 1.15"," NONE"," 100","  "," 123456"," 1"," 123456"," 123456"," 123456"," 123456"
VTI,GUJB2,VAAH,VABB,"BVR G210 IPNIB W13S BOFIN",VT-TNB,,240.096,1600," 1715"," 1.15"," NONE"," 100","  "," 123456"," 1"," 123456"," 123456"," 123456"," 123456"
VTI,GUJB3,VAAH,VABB,"BVR G210 IPNIB W13S BOFIN",VT-TNB,,240.096,1605," 1720"," 1.15"," NONE"," 100","  "," 123456"," 1"," 123456"," 123456"," 123456"," 123456"
VTI,GUJB4,VAAH,VABB,"BVR G210 IPNIB W13S BOFIN",VT-TNB,,240.096,1610," 1725"," 1.15"," NONE"," 100","  "," 123456"," 1"," 123456"," 123456"," 123456"," 123456"
VTI,GUJB5,VAAH,VABB,"BVR G210 IPNIB W13S BOFIN",VT-TNB,,240.096,1615," 1730"," 1.15"," NONE"," 100","  "," 123456"," 1"," 123456"," 123456"," 123456"," 123456"
VTI,GUJB6,VAAH,VABB,"BVR G210 IPNIB W13S BOFIN",VT-TNB,,240.096,1620," 1735"," 1.15"," NONE"," 100","  "," 123456"," 1"," 123456"," 123456"," 123456"," 123456"
VTI,GUJB7,VAAH,VABB,"BVR G210 IPNIB W13S BOFIN",VT-TNB,,240.096,1625," 1740"," 1.15"," NONE"," 100","  "," 123456"," 1"," 123456"," 123456"," 123456"," 123456"
VTI,GUJB8,VAAH,VABB,"BVR G210 IPNIB W13S BOFIN",VT-TNB,,240.096,1630," 1755"," 1.15"," NONE"," 101","  "," 123456"," 1"," 123456"," 123456"," 123456"," 123456"
VTI,HNY1,VOMM,WIII,GIRNA?P574?ANSAX?L762?MDN?A585?PLB?G461?BORAS?W12E?BIDAK,VT-TNB,ANY,1954.93,1100Z," 1400Z"," 0"," NONE"," 100"," P"," 0123456"," 1"," 123456"," 123456"," 123456"," 123456"
VTI,HNY2,VOMM,WIII,GIRNA?P574?ANSAX?L762?MDN?A585?PLB?G461?BORAS?W12E?BIDAK,VT-TNB,ANY,1954.93,1100Z," 1400Z"," 0"," NONE"," 100"," P"," 0123456"," 1"," 123456"," 123456"," 123456"," 123456"
VTI,HNY3,VOMM,WIII,GIRNA?P574?ANSAX?L762?MDN?A585?PLB?G461?BORAS?W12E?BIDAK,VT-TNB,ANY,1954.93,1100Z," 1400Z"," 0"," NONE"," 100"," P"," 0123456"," 1"," 123456"," 123456"," 123456"," 123456"
VTI,HNY4,VOMM,WIII,GIRNA?P574?ANSAX?L762?MDN?A585?PLB?G461?BORAS?W12E?BIDAK,VT-TNB,ANY,1954.93,1100Z," 1400Z"," 0"," NONE"," 100"," P"," 0123456"," 1"," 123456"," 123456"," 123456"," 123456"
VTI,HNY5,VOMM,WIII,GIRNA?P574?ANSAX?L762?MDN?A585?PLB?G461?BORAS?W12E?BIDAK,VT-TNB,ANY,1954.93,1100Z," 1400Z"," 0"," NONE"," 100"," P"," 0123456"," 1"," 123456"," 123456"," 123456"," 123456"
VTI,HNY6,VOMM,WIII,GIRNA?P574?ANSAX?L762?MDN?A585?PLB?G461?BORAS?W12E?BIDAK,VT-TNB,ANY,1954.93,1100Z," 1400Z"," 0"," NONE"," 100"," P"," 0123456"," 1"," 123456"," 123456"," 123456"," 123456"
VTI,HNY7,VOMM,WIII,GIRNA?P574?ANSAX?L762?MDN?A585?PLB?G461?BORAS?W12E?BIDAK,VT-TNB,ANY,1954.93,1100Z," 1400Z"," 0"," NONE"," 100"," P"," 0123456"," 1"," 123456"," 123456"," 123456"," 123456"
VTI,HNY8,VOMM,WIII,GIRNA?P574?ANSAX?L762?MDN?A585?PLB?G461?BORAS?W12E?BIDAK,VT-TNB,ANY,1954.93,1100Z," 1400Z"," 0"," NONE"," 100"," P"," 0123456"," 1"," 123456"," 123456"," 123456"," 123456"
VTI,HNY9,VOMM,WIII,GIRNA?P574?ANSAX?L762?MDN?A585?PLB?G461?BORAS?W12E?BIDAK,VT-TNB,ANY,1954.93,1100Z," 1400Z"," 0"," NONE"," 100"," P"," 0123456"," 1"," 123456"," 123456"," 123456"," 123456"
VTI,INT1,VIDP,OMDB,"VIDP SID LUN G333 TIGER G452 RK J173 SK G214 IDEBA J132 PG G214 PASTA G325 JI R462 VUSET A454 PASOV B540 BUBIN STAR OMDB",VT-TTF,ANY,1180.37,," "," 0"," NONE"," 100","  "," 123456"," 1"," 123456"," 123456"," 123456"," 123456"
VTI,INT10,LOWI,LMML,"LOWI SID BRENO M726 GAVRA Z306 PAL L12 EKOLA UL12 GZO STAR LMML",VT-TTE,ANY,699.571,," "," 0"," NONE"," 100","  "," 123456"," 1"," 123456"," 123456"," 123456"," 123456"
VTI,INT11,LMML,LCPH,"LMML SID AGARI UM978 TOSKA UR78 TOBAL STAR LCPH",VT-TTI,ANY,884.944,," "," 0"," NONE"," 100","  "," 123456"," 1"," 123456"," 123456"," 123456"," 123456"
VTI,INT12,LCPH,OKBK,"LCPH LCA M601 BALMA R655 KTN A21 TAN G202 PUSTO M203 LOVEK L602 TASMI OKBK",VT-TTE,ANY,854.476,," "," 0"," NONE"," 100","  "," 123456"," 1"," 123456"," 123456"," 123456"," 123456"
VTI,INT13,OKBK,OIZC,"OKBK KAPIP A788 BUZ W23 SYZ A418 SITEN W10 EGNUX OIZC",VT-TTF,ANY,700.275,," "," 0"," NONE"," 100","  "," 123456"," 1"," 123456"," 123456"," 123456"," 123456"
VTI,INT14,OIZC,VIJU,"OIZC GD J215 PG G214 RK J162 FALSA VIJU",VT-TTI,ANY,874.207,," "," 0"," NONE"," 100","  "," 123456"," 1"," 123456"," 123456"," 123456"," 123456"
VTI,INT15,VIJU,VIDP,"\nVIJU AAR W30 ASARI A466 IGINO VIDP",VT-TTH,ANY,274.09,," "," 0"," NONE"," 100","  "," 123456"," 1"," 123456"," 123456"," 123456"," 123456"
VTI,INT2,OMDB,UBBB,"OMDB SID DAVMO Y601 GABKO M317 RADEB M318 ASMUK W32 PURKI T215 OBRIX N39 MOSUM STAR UBBB",VT-TTD,ANY,952.609,," "," 0"," NONE"," 100","  "," 123456"," 1"," 123456"," 123456"," 123456"," 123456"
VTI,INT3,UBBB,LGSM,"UBBB SID RASAM N199 LUSAL M11 EDATA N161 INDUR UB374 ELTOX UN161 YAVUZ UB374 ALVAR UN161 ERZ UA4 SIV UA285 GEM UW705 HAY UR32 HALIL UT54 KFK UR32 KINIK UT54 TUMER UR32 NESET UT54 VAKUM UR32 NISOS H59 ORMOS STAR LGSM",VT-TTG,ANY,1089.1,," "," 0"," NONE"," 100","  "," 123456"," 1"," 123456"," 123456"," 123456"," 123456"
VTI,INT4,LGSM,LYTV,"LGSM SID URNIL UL609 MES UG18 GIKAS UN133 PEREN UM603 PINDO UN79 RODON L187 LASTI STAR LYTV",VT-TTF,ANY,471.083,," "," 0"," NONE"," 100","  "," 123456"," 1"," 123456"," 123456"," 123456"," 123456"
VTI,INT5,LYTV,LSZH,"LYTV SID KOFER UW36 CRAYE A482 LUMAR L613 LISKO Z906 ROKIB Q333 RESIA Z50 KELIP STAR LSZH",VT-TTE,ANY,528.386,," "," 0"," NONE"," 100","  "," 123456"," 1"," 123456"," 123456"," 123456"," 123456"
VTI,INT6,LSZH,LEMD,"LSZH SID VEBIT T50 ROTOS UZ669 MILPA UN869 AGN UL866 PPN UN10 VASUM UN857 BAN STAR LEMD",VT-TTG,ANY,669.645,," "," 0"," NONE"," 100","  "," 123456"," 1"," 123456"," 123456"," 123456"," 123456"
VTI,INT7,LEMD,EGKK,"LEMD SID RBO UN867 BLV UP87 TERPO UN867 EKRAS UM184 DIKRO UZ273 NEVIL STAR EGKK",VT-TNB,ANY,655.664,," "," 0"," NONE"," 100","  "," 123456"," 1"," 123456"," 123456"," 123456"," 123456"
VTI,INT8,EGKK,EDDF,"EGKK SID DVR UL9 KONAN UL607 PELIX UZ210 NOSPA UL984 OBIGA Z111 RAMOB STAR EDDF",VT-TTD,ANY,339.823,," "," 0"," NONE"," 100","  "," 123456"," 1"," 123456"," 123456"," 123456"," 123456"
VTI,INT9,EDDF,LOWI,"EDDF SID RID Y163 ODAVU Z114 RIDSU UL607 BEMKI Z999 XEBIX STAR LOWI",VT-TTG,ANY,200.017,," "," 0"," NONE"," 100","  "," 123456"," 1"," 123456"," 123456"," 123456"," 123456"
VTI,T1L1,VOTV,VO80,TVM,VTTTB,,67.3055,17:30," 19:00"," 1.15"," NONE"," 340"," P"," 0123456"," 1"," 0123456"," 0123456"," 0123456"," 0123456"
VTI,T1L10,VORY,VOBZ,"DUBOX ASOGA L301 MEPOK",VT-TTI,,68.3298,11:00," 12:10"," 1.3"," NONE"," 233"," P"," 0123456"," 1"," 0123456"," 0123456"," 0123456"," 0123456"
VTI,T1L11,VOBZ,VOTP,,VT-TTG,,188.764,11:00," 12:13"," 1.13"," NONE"," 232"," P"," 0123456"," 1"," 0123456"," 0123456"," 0123456"," 0123456"
VTI,T1L12,VOTP,VOMM,MMV,VT-TTH,,53.2184,12:00," 13:05"," 1.25"," NONE"," 267"," P"," 0123456"," 1"," 0123456"," 0123456"," 0123456"," 0123456"
VTI,T1L2,VO80,VOSM,"TVM W43 CCB",VT-TTI,,183.888,12:00," 13:00"," 1"," NONE"," 456"," P"," 0123456"," 1"," 0123456"," 0123456"," 0123456"," 0123456"
VTI,T1L3,VOSM,VOMY,"UGABA DCT",VT-TTF,,88.9903,1300," 1425"," 1.25"," NONE"," 223"," P"," 0123456"," 1"," 0123456"," 0123456"," 0123456"," 0123456"
VTI,T1L4,VOMY,VOBL,"UGABA DCT",VT-TTF,,81.873,1300," 1425"," 1.25"," NONE"," 223"," P"," 0123456"," 1"," 0123456"," 0123456"," 0123456"," 0123456"
VTI,T1L5,VOBL,VAHB,"GUNIM DCT",VT-TTJ,,200.572,11:00," 12:10"," 1.45"," NONE"," 343"," P"," 0123456"," 1"," 0123456"," 0123456"," 0123456"," 0123456"
VTI,T1L6,VAHB,VABB,"EPKOS B211 BBB",VT-TTI,,257.641,12:00," 13:30"," 1.35"," NONE"," 233"," P"," 0123456"," 1"," 0123456"," 0123456"," 0123456"," 0123456"
VTI,T1L7,VABB,VABM,"BBB B211 EPKOS",VT-TTJ,,218.512,11:00," 12:10"," 1.2"," NONE"," 124"," P"," 0123456"," 1"," 0123456"," 0123456"," 0123456"," 0123456"
VTI,T1L8,VABM,VAJL,"EPKOS W67 PUN OPAKA",VT-TTH,,311.938,11:20," 12:35"," 1.23"," NONE"," 332"," P"," 0123456"," 1"," 0123456"," 0123456"," 0123456"," 0123456"
VTI,T1L9,VAJL,VORY,"DUBOX ASOGA L301 MEPOK",VT-TTH,,421.392,14:00," 15:24"," 1.35"," NONE"," 231"," P"," 0123456"," 1"," 0123456"," 0123456"," 0123456"," 0123456"
VTI,VTI6,VAAH,VABB,"BVR1B BVR G210 BOFIN POKO1A",VT-T38,,240.096,14:30," 15:45"," 0"," NONE"," 84"," P"," 0123456"," 1"," 0123456"," 0123456"," 0123456"," 0123456"
